completion,trader_name,cash,asset_count,asset_cash,credit_count,debit_count,total_wealth
0.0,[Alternate] Trench Trader 1,0.0,0.0,0.0,0,0,0.0
0.0,[Alternate] Trench Trader 2,0.0,0.0,0.0,0,0,0.0
0.0,[Alternate] Trench Trader 3,0.0,0.0,0.0,0,0,0.0
0.0,[Alternate] Trench Trader 4,0.0,0.0,0.0,0,0,0.0
0.0,[Alternate] Trench Trader 5,0.0,0.0,0.0,0,0,0.0
0.0,[Alternate] Momentum Monkey V1 1,0.0,0.0,0.0,0,0,0.0
0.0,[Alternate] Momentum Monkey V1 2,0.0,0.0,0.0,0,0,0.0
0.0,[Alternate] Momentum Monkey V1 3,0.0,0.0,0.0,0,0,0.0
0.0,[Alternate] Momentum Monkey V1 4,0.0,0.0,0.0,0,0,0.0
0.0,[Alternate] Momentum Monkey V1 5,0.0,0.0,0.0,0,0,0.0
0.0,[Alternate] Momentum Monkey V2 1,0.0,0.0,0.0,0,0,0.0
0.0,[Alternate] Momentum Monkey V2 2,0.0,0.0,0.0,0,0,0.0
0.0,[Alternate] Momentum Monkey V2 3,0.0,0.0,0.0,0,0,0.0
0.0,[Alternate] Momentum Monkey V2 4,0.0,0.0,0.0,0,0,0.0
0.0,[Alternate] Momentum Monkey V2 5,0.0,0.0,0.0,0,0,0.0
0.0,[Alternate] Momentum Monkey V3 1,0.0,0.0,0.0,0,0,0.0
0.0,[Alternate] Momentum Monkey V3 2,0.0,0.0,0.0,0,0,0.0
0.0,[Alternate] Momentum Monkey V3 3,0.0,0.0,0.0,0,0,0.0
0.0,[Alternate] Momentum Monkey V3 4,0.0,0.0,0.0,0,0,0.0
0.0,[Alternate] Momentum Monkey V3 5,0.0,0.0,0.0,0,0,0.0
0.0,Long Term Trader,0.0,0.0,0.0,0,0,0.0
0.0,Feel Trader,0.0,0.0,0.0,0,0,0.0
0.0,Trench Trader,0.0,0.0,0.0,0,0,0.0
0.0,Momentum Monkey V1,0.0,0.0,0.0,0,0,0.0
0.0,Momentum Monkey V2,0.0,0.0,0.0,0,0,0.0
0.0,Momentum Monkey V3,0.0,0.0,0.0,0,0,0.0
0.01,[Alternate] Trench Trader 1,-4.332776,1000.0,4.228,0,10,-0.1047760000000002
0.01,[Alternate] Trench Trader 2,-1.7187429999999997,400.0,1.6912,0,4,-0.02754299999999965
0.01,[Alternate] Trench Trader 3,0.0,0.0,0.0,0,0,0.0
0.01,[Alternate] Trench Trader 4,0.0,0.0,0.0,0,0,0.0
0.01,[Alternate] Trench Trader 5,0.0,0.0,0.0,0,0,0.0
0.01,[Alternate] Momentum Monkey V1 1,-5.447900000000016,900.0,3.8052,214,223,-1.6427000000000156
0.01,[Alternate] Momentum Monkey V1 2,0.0,0.0,0.0,0,0,0.0
0.01,[Alternate] Momentum Monkey V1 3,0.0,0.0,0.0,0,0,0.0
0.01,[Alternate] Momentum Monkey V1 4,0.0,0.0,0.0,0,0,0.0
0.01,[Alternate] Momentum Monkey V1 5,0.0,0.0,0.0,0,0,0.0
0.01,[Alternate] Momentum Monkey V2 1,-377.84670000000034,84600.0,357.6888,46,892,-20.157900000000325
0.01,[Alternate] Momentum Monkey V2 2,-24.626699999999996,4800.0,20.2944,425,473,-4.3322999999999965
0.01,[Alternate] Momentum Monkey V2 3,-15.820999999999982,3100.0,13.1068,162,193,-2.714199999999982
0.01,[Alternate] Momentum Monkey V2 4,-15.6416,3400.0,14.3752,34,68,-1.2664000000000009
0.01,[Alternate] Momentum Monkey V2 5,-4.9379,1100.0,4.6508,1,12,-0.2870999999999997
0.01,[Alternate] Momentum Monkey V3 1,-416.6212,93300.0,394.4724,3,936,-22.148799999999994
0.01,[Alternate] Momentum Monkey V3 2,-377.84670000000034,84600.0,357.6888,46,892,-20.157900000000325
0.01,[Alternate] Momentum Monkey V3 3,-24.626699999999996,4800.0,20.2944,425,473,-4.3322999999999965
0.01,[Alternate] Momentum Monkey V3 4,-24.626699999999996,4800.0,20.2944,425,473,-4.3322999999999965
0.01,[Alternate] Momentum Monkey V3 5,-24.626699999999996,4800.0,20.2944,425,473,-4.3322999999999965
0.01,Long Term Trader,-0.4786,100.0,0.4228,0,1,-0.055800000000000016
0.01,Feel Trader,-49.113899,11000.0,46.508,0,110,-2.605899000000001
0.01,Trench Trader,-46.88669700000001,10600.0,44.8168,0,106,-2.0698970000000116
0.01,Momentum Monkey V1,-2.2194000000000003,500.0,2.114,2,7,-0.10540000000000038
0.01,Momentum Monkey V2,-416.6212,93300.0,394.4724,3,936,-22.148799999999994
0.01,Momentum Monkey V3,-416.6212,93300.0,394.4724,3,936,-22.148799999999994
0.02,[Alternate] Trench Trader 1,-5.151663999999999,1200.0,5.1516,0,12,-6.399999999917583e-05
0.02,[Alternate] Trench Trader 2,-2.1201289999999995,500.0,2.1465,0,5,0.02637100000000059
0.02,[Alternate] Trench Trader 3,-0.39310999999999996,100.0,0.4293,0,1,0.036190000000000055
0.02,[Alternate] Trench Trader 4,0.0,0.0,0.0,0,0,0.0
0.02,[Alternate] Trench Trader 5,0.0,0.0,0.0,0,0,0.0
0.02,[Alternate] Momentum Monkey V1 1,-2.449900000000021,200.0,0.8586,420,422,-1.5913000000000208
0.02,[Alternate] Momentum Monkey V1 2,0.0,0.0,0.0,0,0,0.0
0.02,[Alternate] Momentum Monkey V1 3,0.0,0.0,0.0,0,0,0.0
0.02,[Alternate] Momentum Monkey V1 4,0.0,0.0,0.0,0,0,0.0
0.02,[Alternate] Momentum Monkey V1 5,0.0,0.0,0.0,0,0,0.0
0.02,[Alternate] Momentum Monkey V2 1,-717.0149999999993,163700.0,702.7641,119,1756,-14.25089999999932
0.02,[Alternate] Momentum Monkey V2 2,-18.197400000000016,3300.0,14.1669,823,856,-4.030500000000016
0.02,[Alternate] Momentum Monkey V2 3,-10.544799999999976,1900.0,8.1567,341,360,-2.388099999999975
0.02,[Alternate] Momentum Monkey V2 4,-6.867500000000008,1300.0,5.5809,107,120,-1.286600000000008
0.02,[Alternate] Momentum Monkey V2 5,-5.507900000000002,1200.0,5.1516,11,23,-0.35630000000000184
0.02,[Alternate] Momentum Monkey V3 1,-809.6588999999991,185000.0,794.205,13,1863,-15.453899999999066
0.02,[Alternate] Momentum Monkey V3 2,-717.0149999999993,163700.0,702.7641,119,1756,-14.25089999999932
0.02,[Alternate] Momentum Monkey V3 3,-18.197400000000016,3300.0,14.1669,823,856,-4.030500000000016
0.02,[Alternate] Momentum Monkey V3 4,-18.197400000000016,3300.0,14.1669,823,856,-4.030500000000016
0.02,[Alternate] Momentum Monkey V3 5,-18.197400000000016,3300.0,14.1669,823,856,-4.030500000000016
0.02,Long Term Trader,-0.4786,100.0,0.4293,0,1,-0.04930000000000001
0.02,Feel Trader,-90.76252200000002,20700.0,88.8651,0,207,-1.8974220000000201
0.02,Trench Trader,-56.225763000000015,12800.0,54.9504,0,128,-1.275363000000013
0.02,Momentum Monkey V1,-1.8754000000000004,400.0,1.7172,9,13,-0.15820000000000034
0.02,Momentum Monkey V2,-809.6588999999991,185000.0,794.205,13,1863,-15.453899999999066
0.02,Momentum Monkey V3,-809.6588999999991,185000.0,794.205,13,1863,-15.453899999999066
0.03,[Alternate] Trench Trader 1,-5.951344,1400.0,5.5524,0,14,-0.3989440000000002
0.03,[Alternate] Trench Trader 2,-2.1201289999999995,500.0,1.9829999999999999,0,5,-0.1371289999999996
0.03,[Alternate] Trench Trader 3,-0.39310999999999996,100.0,0.3966,0,1,0.0034900000000000486
0.03,[Alternate] Trench Trader 4,0.0,0.0,0.0,0,0,0.0
0.03,[Alternate] Trench Trader 5,0.0,0.0,0.0,0,0,0.0
0.03,[Alternate] Momentum Monkey V1 1,-6.04950000000002,1100.0,4.3626,607,618,-1.68690000000002
0.03,[Alternate] Momentum Monkey V1 2,-0.39899999999999997,100.0,0.3966,0,1,-0.0023999999999999577
0.03,[Alternate] Momentum Monkey V1 3,0.0,0.0,0.0,0,0,0.0
0.03,[Alternate] Momentum Monkey V1 4,0.0,0.0,0.0,0,0,0.0
0.03,[Alternate] Momentum Monkey V1 5,0.0,0.0,0.0,0,0,0.0
0.03,[Alternate] Momentum Monkey V2 1,-1043.5794999999969,243500.0,965.721,181,2616,-77.85849999999687
0.03,[Alternate] Momentum Monkey V2 2,-23.560500000000054,4600.0,18.2436,1209,1255,-5.316900000000054
0.03,[Alternate] Momentum Monkey V2 3,-13.547899999999972,2700.0,10.7082,501,528,-2.839699999999972
0.03,[Alternate] Momentum Monkey V2 4,-11.988400000000002,2600.0,10.3116,156,182,-1.6768000000000018
0.03,[Alternate] Momentum Monkey V2 5,-8.6479,2000.0,7.9319999999999995,22,42,-0.7159000000000004
0.03,[Alternate] Momentum Monkey V3 1,-1177.951999999998,275000.0,1090.6499999999999,24,2774,-87.30199999999809
0.03,[Alternate] Momentum Monkey V3 2,-1043.5794999999969,243500.0,965.721,181,2616,-77.85849999999687
0.03,[Alternate] Momentum Monkey V3 3,-23.560500000000054,4600.0,18.2436,1209,1255,-5.316900000000054
0.03,[Alternate] Momentum Monkey V3 4,-23.560500000000054,4600.0,18.2436,1209,1255,-5.316900000000054
0.03,[Alternate] Momentum Monkey V3 5,-23.560500000000054,4600.0,18.2436,1209,1255,-5.316900000000054
0.03,Long Term Trader,-0.4786,100.0,0.3966,0,1,-0.08200000000000002
0.03,Feel Trader,-130.073141,30300.0,120.1698,0,303,-9.903340999999998
0.03,Trench Trader,-63.508697999999995,14600.0,57.9036,0,146,-5.605097999999998
0.03,Momentum Monkey V1,-3.4305999999999996,800.0,3.1728,16,24,-0.2577999999999996
0.03,Momentum Monkey V2,-1177.951999999998,275000.0,1090.6499999999999,24,2774,-87.30199999999809
0.03,Momentum Monkey V3,-1177.951999999998,275000.0,1090.6499999999999,24,2774,-87.30199999999809
0.04,[Alternate] Trench Trader 1,-5.951344,1400.0,6.251,0,14,0.2996560000000006
0.04,[Alternate] Trench Trader 2,-2.1201289999999995,500.0,2.2325,0,5,0.11237100000000044
0.04,[Alternate] Trench Trader 3,-0.39310999999999996,100.0,0.4465,0,1,0.05339000000000005
0.04,[Alternate] Trench Trader 4,0.0,0.0,0.0,0,0,0.0
0.04,[Alternate] Trench Trader 5,0.0,0.0,0.0,0,0,0.0
0.04,[Alternate] Momentum Monkey V1 1,-16.306800000000017,3300.0,14.7345,808,841,-1.5723000000000162
0.04,[Alternate] Momentum Monkey V1 2,-2.9952999999999994,700.0,3.1255,0,7,0.13020000000000076
0.04,[Alternate] Momentum Monkey V1 3,0.0,0.0,0.0,0,0,0.0
0.04,[Alternate] Momentum Monkey V1 4,0.0,0.0,0.0,0,0,0.0
0.04,[Alternate] Momentum Monkey V1 5,0.0,0.0,0.0,0,0,0.0
0.04,[Alternate] Momentum Monkey V2 1,-1382.1151999999934,322900.0,1441.7485000000001,243,3472,59.633300000006784
0.04,[Alternate] Momentum Monkey V2 2,-51.721400000000045,10900.0,48.6685,1589,1698,-3.0529000000000437
0.04,[Alternate] Momentum Monkey V2 3,-31.610499999999973,6700.0,29.9155,677,744,-1.6949999999999719
0.04,[Alternate] Momentum Monkey V2 4,-18.775300000000005,4000.0,17.86,218,258,-0.9153000000000056
0.04,[Alternate] Momentum Monkey V2 5,-14.016600000000002,3200.0,14.288,32,64,0.2713999999999981
0.04,[Alternate] Momentum Monkey V3 1,-1560.456899999994,364800.0,1628.832,34,3682,68.37510000000611
0.04,[Alternate] Momentum Monkey V3 2,-1382.1151999999934,322900.0,1441.7485000000001,243,3472,59.633300000006784
0.04,[Alternate] Momentum Monkey V3 3,-51.721400000000045,10900.0,48.6685,1589,1698,-3.0529000000000437
0.04,[Alternate] Momentum Monkey V3 4,-51.721400000000045,10900.0,48.6685,1589,1698,-3.0529000000000437
0.04,[Alternate] Momentum Monkey V3 5,-51.721400000000045,10900.0,48.6685,1589,1698,-3.0529000000000437
0.04,Long Term Trader,-0.4786,100.0,0.4465,0,1,-0.03210000000000002
0.04,Feel Trader,-162.58323499999995,37900.0,169.2235,0,379,6.640265000000056
0.04,Trench Trader,-71.57591099999996,16500.0,73.6725,0,165,2.096589000000037
0.04,Momentum Monkey V1,-6.434399999999999,1500.0,6.697500000000001,25,40,0.26310000000000144
0.04,Momentum Monkey V2,-1560.456899999994,364800.0,1628.832,34,3682,68.37510000000611
0.04,Momentum Monkey V3,-1560.456899999994,364800.0,1628.832,34,3682,68.37510000000611
0.05,[Alternate] Trench Trader 1,-6.80267,1600.0,6.84,0,16,0.03732999999999986
0.05,[Alternate] Trench Trader 2,-2.5436309999999995,600.0,2.565,0,6,0.021369000000000415
0.05,[Alternate] Trench Trader 3,-0.39310999999999996,100.0,0.4275,0,1,0.03439000000000003
0.05,[Alternate] Trench Trader 4,0.0,0.0,0.0,0,0,0.0
0.05,[Alternate] Trench Trader 5,0.0,0.0,0.0,0,0,0.0
0.05,[Alternate] Momentum Monkey V1 1,-4.000700000000023,400.0,1.71,1027,1031,-2.2907000000000233
0.05,[Alternate] Momentum Monkey V1 2,-2.9952999999999994,700.0,2.9925,0,7,-0.0027999999999992475
0.05,[Alternate] Momentum Monkey V1 3,0.0,0.0,0.0,0,0,0.0
0.05,[Alternate] Momentum Monkey V1 4,0.0,0.0,0.0,0,0,0.0
0.05,[Alternate] Momentum Monkey V1 5,0.0,0.0,0.0,0,0,0.0
0.05,[Alternate] Momentum Monkey V2 1,-1710.0217999999943,398500.0,1703.5875,325,4310,-6.434299999994209
0.05,[Alternate] Momentum Monkey V2 2,-28.46970000000007,5400.0,23.085,2043,2097,-5.38470000000007
0.05,[Alternate] Momentum Monkey V2 3,-11.217499999999982,1900.0,8.1225,889,908,-3.094999999999981
0.05,[Alternate] Momentum Monkey V2 4,-6.786900000000016,1200.0,5.13,282,294,-1.6569000000000162
0.05,[Alternate] Momentum Monkey V2 5,-10.168100000000004,2300.0,9.8325,44,67,-0.3356000000000048
0.05,[Alternate] Momentum Monkey V3 1,-1948.9420999999943,454400.0,1942.5600000000002,46,4590,-6.382099999994125
0.05,[Alternate] Momentum Monkey V3 2,-1710.0217999999943,398500.0,1703.5875,325,4310,-6.434299999994209
0.05,[Alternate] Momentum Monkey V3 3,-28.46970000000007,5400.0,23.085,2043,2097,-5.38470000000007
0.05,[Alternate] Momentum Monkey V3 4,-28.46970000000007,5400.0,23.085,2043,2097,-5.38470000000007
0.05,[Alternate] Momentum Monkey V3 5,-28.46970000000007,5400.0,23.085,2043,2097,-5.38470000000007
0.05,Long Term Trader,-0.4786,100.0,0.4275,0,1,-0.051100000000000034
0.05,Feel Trader,-208.65323500000002,48500.0,207.3375,0,485,-1.3157350000000179
0.05,Trench Trader,-77.55244199999994,17900.0,76.52250000000001,0,179,-1.0299419999999344
0.05,Momentum Monkey V1,-6.076699999999998,1400.0,5.985,33,47,-0.09169999999999767
0.05,Momentum Monkey V2,-1948.9420999999943,454400.0,1942.5600000000002,46,4590,-6.382099999994125
0.05,Momentum Monkey V3,-1948.9420999999943,454400.0,1942.5600000000002,46,4590,-6.382099999994125
0.06,[Alternate] Trench Trader 1,-7.605486,1800.0,7.203600000000001,0,18,-0.4018859999999993
0.06,[Alternate] Trench Trader 2,-2.5436309999999995,600.0,2.4012000000000002,0,6,-0.1424309999999993
0.06,[Alternate] Trench Trader 3,-0.39310999999999996,100.0,0.40020000000000006,0,1,0.007090000000000096
0.06,[Alternate] Trench Trader 4,0.0,0.0,0.0,0,0,0.0
0.06,[Alternate] Trench Trader 5,0.0,0.0,0.0,0,0,0.0
0.06,[Alternate] Momentum Monkey V1 1,-4.62900000000003,500.0,2.0010000000000003,1187,1192,-2.6280000000000294
0.06,[Alternate] Momentum Monkey V1 2,-2.9952999999999994,700.0,2.8014,0,7,-0.1938999999999993
0.06,[Alternate] Momentum Monkey V1 3,0.0,0.0,0.0,0,0,0.0
0.06,[Alternate] Momentum Monkey V1 4,0.0,0.0,0.0,0,0,0.0
0.06,[Alternate] Momentum Monkey V1 5,0.0,0.0,0.0,0,0,0.0
0.06,[Alternate] Momentum Monkey V2 1,-1991.655899999995,465900.0,1864.5318000000002,441,5100,-127.12409999999477
0.06,[Alternate] Momentum Monkey V2 2,-25.7436000000001,4700.0,18.8094,2394,2441,-6.9342000000001
0.06,[Alternate] Momentum Monkey V2 3,-10.638699999999995,1700.0,6.803400000000001,1016,1033,-3.835299999999994
0.06,[Alternate] Momentum Monkey V2 4,-6.895400000000019,1200.0,4.8024000000000004,314,326,-2.0930000000000186
0.06,[Alternate] Momentum Monkey V2 5,-2.9791000000000043,600.0,2.4012000000000002,62,68,-0.5779000000000041
0.06,[Alternate] Momentum Monkey V3 1,-2310.3689999999983,540800.0,2164.2816000000003,67,5475,-146.08739999999807
0.06,[Alternate] Momentum Monkey V3 2,-1991.655899999995,465900.0,1864.5318000000002,441,5100,-127.12409999999477
0.06,[Alternate] Momentum Monkey V3 3,-25.7436000000001,4700.0,18.8094,2394,2441,-6.9342000000001
0.06,[Alternate] Momentum Monkey V3 4,-25.7436000000001,4700.0,18.8094,2394,2441,-6.9342000000001
0.06,[Alternate] Momentum Monkey V3 5,-25.7436000000001,4700.0,18.8094,2394,2441,-6.9342000000001
0.06,Long Term Trader,-0.4786,100.0,0.40020000000000006,0,1,-0.07839999999999997
0.06,Feel Trader,-243.8344219999999,56900.0,227.71380000000002,0,569,-16.120621999999884
0.06,Trench Trader,-80.80112699999992,18700.0,74.8374,0,187,-5.9637269999999205
0.06,Momentum Monkey V1,-2.2832999999999997,500.0,2.0010000000000003,45,50,-0.28229999999999933
0.06,Momentum Monkey V2,-2310.3689999999983,540800.0,2164.2816000000003,67,5475,-146.08739999999807
0.06,Momentum Monkey V3,-2310.3689999999983,540800.0,2164.2816000000003,67,5475,-146.08739999999807
0.07,[Alternate] Trench Trader 1,-7.990528,1900.0,6.9749,0,19,-1.0156280000000004
0.07,[Alternate] Trench Trader 2,-2.5436309999999995,600.0,2.2026,0,6,-0.34103099999999964
0.07,[Alternate] Trench Trader 3,-0.39310999999999996,100.0,0.3671,0,1,-0.026009999999999978
0.07,[Alternate] Trench Trader 4,0.0,0.0,0.0,0,0,0.0
0.07,[Alternate] Trench Trader 5,0.0,0.0,0.0,0,0,0.0
0.07,[Alternate] Momentum Monkey V1 1,-11.45470000000004,2200.0,8.0762,1344,1366,-3.37850000000004
0.07,[Alternate] Momentum Monkey V1 2,-3.4003999999999994,800.0,2.9368,0,8,-0.46359999999999957
0.07,[Alternate] Momentum Monkey V1 3,0.0,0.0,0.0,0,0,0.0
0.07,[Alternate] Momentum Monkey V1 4,0.0,0.0,0.0,0,0,0.0
0.07,[Alternate] Momentum Monkey V1 5,0.0,0.0,0.0,0,0,0.0
0.07,[Alternate] Momentum Monkey V2 1,-2269.9024999999933,538000.0,1974.9979999999998,527,5907,-294.9044999999935
0.07,[Alternate] Momentum Monkey V2 2,-37.529100000000184,7700.0,28.266699999999997,2706,2783,-9.262400000000188
0.07,[Alternate] Momentum Monkey V2 3,-15.033899999999996,2800.0,10.278799999999999,1115,1143,-4.755099999999997
0.07,[Alternate] Momentum Monkey V2 4,-8.80390000000002,1700.0,6.2406999999999995,336,353,-2.5632000000000206
0.07,[Alternate] Momentum Monkey V2 5,-3.8040000000000047,800.0,2.9368,67,75,-0.8672000000000049
0.07,[Alternate] Momentum Monkey V3 1,-2641.725199999997,626700.0,2300.6157,84,6351,-341.1094999999973
0.07,[Alternate] Momentum Monkey V3 2,-2269.9024999999933,538000.0,1974.9979999999998,527,5907,-294.9044999999935
0.07,[Alternate] Momentum Monkey V3 3,-37.529100000000184,7700.0,28.266699999999997,2706,2783,-9.262400000000188
0.07,[Alternate] Momentum Monkey V3 4,-37.529100000000184,7700.0,28.266699999999997,2706,2783,-9.262400000000188
0.07,[Alternate] Momentum Monkey V3 5,-37.529100000000184,7700.0,28.266699999999997,2706,2783,-9.262400000000188
0.07,Long Term Trader,-0.4786,100.0,0.3671,0,1,-0.11150000000000004
0.07,Feel Trader,-273.48426099999983,64600.0,237.14659999999998,0,646,-36.337660999999855
0.07,Trench Trader,-88.6971689999999,20800.0,76.35679999999999,0,208,-12.34036899999991
0.07,Momentum Monkey V1,-2.7157,600.0,2.2026,49,55,-0.5131000000000001
0.07,Momentum Monkey V2,-2641.725199999997,626700.0,2300.6157,84,6351,-341.1094999999973
0.07,Momentum Monkey V3,-2641.725199999997,626700.0,2300.6157,84,6351,-341.1094999999973
0.08,[Alternate] Trench Trader 1,-9.067842,2200.0,8.2302,0,22,-0.8376420000000007
0.08,[Alternate] Trench Trader 2,-2.5436309999999995,600.0,2.2446,0,6,-0.2990309999999994
0.08,[Alternate] Trench Trader 3,-0.39310999999999996,100.0,0.3741,0,1,-0.01900999999999997
0.08,[Alternate] Trench Trader 4,0.0,0.0,0.0,0,0,0.0
0.08,[Alternate] Trench Trader 5,0.0,0.0,0.0,0,0,0.0
0.08,[Alternate] Momentum Monkey V1 1,-12.17140000000004,2500.0,9.3525,1545,1570,-2.81890000000004
0.08,[Alternate] Momentum Monkey V1 2,-3.4003999999999994,800.0,2.9928,0,8,-0.4075999999999995
0.08,[Alternate] Momentum Monkey V1 3,0.0,0.0,0.0,0,0,0.0
0.08,[Alternate] Momentum Monkey V1 4,0.0,0.0,0.0,0,0,0.0
0.08,[Alternate] Momentum Monkey V1 5,0.0,0.0,0.0,0,0,0.0
0.08,[Alternate] Momentum Monkey V2 1,-2551.2217999999916,613100.0,2293.6071,603,6734,-257.61469999999144
0.08,[Alternate] Momentum Monkey V2 2,-34.09770000000015,7000.0,26.187,3116,3186,-7.910700000000151
0.08,[Alternate] Momentum Monkey V2 3,-15.927500000000009,3200.0,11.9712,1293,1325,-3.9563000000000095
0.08,[Alternate] Momentum Monkey V2 4,-8.839400000000017,1800.0,6.7338,401,419,-2.1056000000000177
0.08,[Alternate] Momentum Monkey V2 5,-8.196200000000006,2000.0,7.482,71,91,-0.7142000000000062
0.08,[Alternate] Momentum Monkey V3 1,-2977.404299999991,716200.0,2679.3042,88,7250,-298.100099999991
0.08,[Alternate] Momentum Monkey V3 2,-2551.2217999999916,613100.0,2293.6071,603,6734,-257.61469999999144
0.08,[Alternate] Momentum Monkey V3 3,-34.09770000000015,7000.0,26.187,3116,3186,-7.910700000000151
0.08,[Alternate] Momentum Monkey V3 4,-34.09770000000015,7000.0,26.187,3116,3186,-7.910700000000151
0.08,[Alternate] Momentum Monkey V3 5,-34.09770000000015,7000.0,26.187,3116,3186,-7.910700000000151
0.08,Long Term Trader,-0.4786,100.0,0.3741,0,1,-0.10450000000000004
0.08,Feel Trader,-313.0738439999998,75200.0,281.3232,0,752,-31.750643999999795
0.08,Trench Trader,-96.38531099999987,22900.0,85.6689,0,229,-10.71641099999988
0.08,Momentum Monkey V1,-6.126800000000001,1500.0,5.6115,52,67,-0.5153000000000008
0.08,Momentum Monkey V2,-2977.404299999991,716200.0,2679.3042,88,7250,-298.100099999991
0.08,Momentum Monkey V3,-2977.404299999991,716200.0,2679.3042,88,7250,-298.100099999991
0.09,[Alternate] Trench Trader 1,-9.067842,2200.0,9.0794,0,22,0.011557999999999069
0.09,[Alternate] Trench Trader 2,-2.5436309999999995,600.0,2.4762,0,6,-0.06743099999999957
0.09,[Alternate] Trench Trader 3,-0.39310999999999996,100.0,0.41269999999999996,0,1,0.019589999999999996
0.09,[Alternate] Trench Trader 4,0.0,0.0,0.0,0,0,0.0
0.09,[Alternate] Trench Trader 5,0.0,0.0,0.0,0,0,0.0
0.09,[Alternate] Momentum Monkey V1 1,-7.977800000000045,1500.0,6.190499999999999,1752,1767,-1.7873000000000454
0.09,[Alternate] Momentum Monkey V1 2,-3.4003999999999994,800.0,3.3015999999999996,0,8,-0.09879999999999978
0.09,[Alternate] Momentum Monkey V1 3,0.0,0.0,0.0,0,0,0.0
0.09,[Alternate] Momentum Monkey V1 4,0.0,0.0,0.0,0,0,0.0
0.09,[Alternate] Momentum Monkey V1 5,0.0,0.0,0.0,0,0,0.0
0.09,[Alternate] Momentum Monkey V2 1,-2858.159699999999,688700.0,2842.2648999999997,694,7581,-15.894799999999123
0.09,[Alternate] Momentum Monkey V2 2,-35.032900000000154,7300.0,30.1271,3499,3572,-4.905800000000156
0.09,[Alternate] Momentum Monkey V2 3,-17.207000000000026,3600.0,14.857199999999999,1490,1526,-2.3498000000000268
0.09,[Alternate] Momentum Monkey V2 4,-7.938800000000014,1700.0,7.015899999999999,466,483,-0.9229000000000145
0.09,[Alternate] Momentum Monkey V2 5,-8.451600000000004,2100.0,8.666699999999999,81,102,0.2150999999999943
0.09,[Alternate] Momentum Monkey V3 1,-3350.5801999999985,808000.0,3334.6159999999995,98,8178,-15.964199999998982
0.09,[Alternate] Momentum Monkey V3 2,-2858.159699999999,688700.0,2842.2648999999997,694,7581,-15.894799999999123
0.09,[Alternate] Momentum Monkey V3 3,-35.032900000000154,7300.0,30.1271,3499,3572,-4.905800000000156
0.09,[Alternate] Momentum Monkey V3 4,-35.032900000000154,7300.0,30.1271,3499,3572,-4.905800000000156
0.09,[Alternate] Momentum Monkey V3 5,-35.032900000000154,7300.0,30.1271,3499,3572,-4.905800000000156
0.09,Long Term Trader,-0.4786,100.0,0.41269999999999996,0,1,-0.06590000000000007
0.09,Feel Trader,-355.3353649999999,85600.0,353.27119999999996,0,856,-2.064164999999946
0.09,Trench Trader,-99.2781899999999,23600.0,97.39719999999998,0,236,-1.8809899999999118
0.09,Momentum Monkey V1,-7.6321,1900.0,7.8412999999999995,60,79,0.20919999999999916
0.09,Momentum Monkey V2,-3350.5801999999985,808000.0,3334.6159999999995,98,8178,-15.964199999998982
0.09,Momentum Monkey V3,-3350.5801999999985,808000.0,3334.6159999999995,98,8178,-15.964199999998982
0.1,[Alternate] Trench Trader 1,-9.067842,2200.0,9.1454,0,22,0.0775579999999998
0.1,[Alternate] Trench Trader 2,-2.5436309999999995,600.0,2.4942,0,6,-0.04943099999999934
0.1,[Alternate] Trench Trader 3,-0.39310999999999996,100.0,0.4157,0,1,0.022590000000000054
0.1,[Alternate] Trench Trader 4,0.0,0.0,0.0,0,0,0.0
0.1,[Alternate] Trench Trader 5,0.0,0.0,0.0,0,0,0.0
0.1,[Alternate] Momentum Monkey V1 1,-7.3401000000000405,1400.0,5.8198,1946,1960,-1.5203000000000406
0.1,[Alternate] Momentum Monkey V1 2,-3.4003999999999994,800.0,3.3256,0,8,-0.07479999999999931
0.1,[Alternate] Momentum Monkey V1 3,0.0,0.0,0.0,0,0,0.0
0.1,[Alternate] Momentum Monkey V1 4,0.0,0.0,0.0,0,0,0.0
0.1,[Alternate] Momentum Monkey V1 5,0.0,0.0,0.0,0,0,0.0
0.1,[Alternate] Momentum Monkey V2 1,-3187.3457999999955,765500.0,3182.1835,774,8429,-5.162299999995412
0.1,[Alternate] Momentum Monkey V2 2,-36.25080000000016,7600.0,31.5932,3867,3943,-4.657600000000162
0.1,[Alternate] Momentum Monkey V2 3,-20.644700000000025,4500.0,18.706500000000002,1631,1676,-1.9382000000000232
0.1,[Alternate] Momentum Monkey V2 4,-7.9237000000000135,1700.0,7.0669,522,539,-0.8568000000000131
0.1,[Alternate] Momentum Monkey V2 5,-4.367900000000002,1100.0,4.5727,100,111,0.20479999999999787
0.1,[Alternate] Momentum Monkey V3 1,-3731.254499999997,897000.0,3728.829,117,9087,-2.425499999996646
0.1,[Alternate] Momentum Monkey V3 2,-3187.3457999999955,765500.0,3182.1835,774,8429,-5.162299999995412
0.1,[Alternate] Momentum Monkey V3 3,-36.25080000000016,7600.0,31.5932,3867,3943,-4.657600000000162
0.1,[Alternate] Momentum Monkey V3 4,-36.25080000000016,7600.0,31.5932,3867,3943,-4.657600000000162
0.1,[Alternate] Momentum Monkey V3 5,-36.25080000000016,7600.0,31.5932,3867,3943,-4.657600000000162
0.1,Long Term Trader,-0.4786,100.0,0.4157,0,1,-0.06290000000000001
0.1,Feel Trader,-392.97684100000015,94400.0,392.4208,0,944,-0.5560410000001639
0.1,Trench Trader,-101.4805439999999,24100.0,100.1837,0,241,-1.2968439999998935
0.1,Momentum Monkey V1,-7.720400000000002,1900.0,7.8983,68,87,0.1778999999999975
0.1,Momentum Monkey V2,-3731.254499999997,897000.0,3728.829,117,9087,-2.425499999996646
0.1,Momentum Monkey V3,-3731.254499999997,897000.0,3728.829,117,9087,-2.425499999996646
0.11,[Alternate] Trench Trader 1,-9.067842,2200.0,8.7648,0,22,-0.30304200000000137
0.11,[Alternate] Trench Trader 2,-2.5436309999999995,600.0,2.3903999999999996,0,6,-0.1532309999999999
0.11,[Alternate] Trench Trader 3,-0.39310999999999996,100.0,0.3984,0,1,0.005290000000000017
0.11,[Alternate] Trench Trader 4,0.0,0.0,0.0,0,0,0.0
0.11,[Alternate] Trench Trader 5,0.0,0.0,0.0,0,0,0.0
0.11,[Alternate] Momentum Monkey V1 1,-10.15320000000005,2100.0,8.366399999999999,2108,2129,-1.786800000000051
0.11,[Alternate] Momentum Monkey V1 2,-2.1792,500.0,1.9919999999999998,4,9,-0.18720000000000003
0.11,[Alternate] Momentum Monkey V1 3,0.0,0.0,0.0,0,0,0.0
0.11,[Alternate] Momentum Monkey V1 4,0.0,0.0,0.0,0,0,0.0
0.11,[Alternate] Momentum Monkey V1 5,0.0,0.0,0.0,0,0,0.0
0.11,[Alternate] Momentum Monkey V2 1,-3416.9845000000064,821200.0,3271.6607999999997,933,9145,-145.32370000000674
0.11,[Alternate] Momentum Monkey V2 2,-46.11520000000014,10000.0,39.839999999999996,4166,4266,-6.27520000000014
0.11,[Alternate] Momentum Monkey V2 3,-27.209500000000038,6100.0,24.3024,1766,1827,-2.907100000000039
0.11,[Alternate] Momentum Monkey V2 4,-7.573200000000015,1600.0,6.3744,575,591,-1.1988000000000154
0.11,[Alternate] Momentum Monkey V2 5,-2.7108000000000025,700.0,2.7887999999999997,116,123,0.07799999999999718
0.11,[Alternate] Momentum Monkey V3 1,-4044.215600000005,973100.0,3876.8304,174,9905,-167.38520000000517
0.11,[Alternate] Momentum Monkey V3 2,-3416.9845000000064,821200.0,3271.6607999999997,933,9145,-145.32370000000674
0.11,[Alternate] Momentum Monkey V3 3,-46.11520000000014,10000.0,39.839999999999996,4166,4266,-6.27520000000014
0.11,[Alternate] Momentum Monkey V3 4,-46.11520000000014,10000.0,39.839999999999996,4166,4266,-6.27520000000014
0.11,[Alternate] Momentum Monkey V3 5,-46.11520000000014,10000.0,39.839999999999996,4166,4266,-6.27520000000014
0.11,Long Term Trader,-0.4786,100.0,0.3984,0,1,-0.08020000000000005
0.11,Feel Trader,-424.28474800000015,102000.0,406.368,0,1020,-17.916748000000155
0.11,Trench Trader,-102.2793749999999,24300.0,96.8112,0,243,-5.468174999999903
0.11,Momentum Monkey V1,-2.8089000000000017,700.0,2.7887999999999997,90,97,-0.020100000000002005
0.11,Momentum Monkey V2,-4044.215600000005,973100.0,3876.8304,174,9905,-167.38520000000517
0.11,Momentum Monkey V3,-4044.215600000005,973100.0,3876.8304,174,9905,-167.38520000000517
0.12,[Alternate] Trench Trader 1,-9.067842,2200.0,8.780199999999999,0,22,-0.28764200000000173
0.12,[Alternate] Trench Trader 2,-2.5436309999999995,600.0,2.3946,0,6,-0.14903099999999947
0.12,[Alternate] Trench Trader 3,-0.39310999999999996,100.0,0.39909999999999995,0,1,0.005989999999999995
0.12,[Alternate] Trench Trader 4,0.0,0.0,0.0,0,0,0.0
0.12,[Alternate] Trench Trader 5,0.0,0.0,0.0,0,0,0.0
0.12,[Alternate] Momentum Monkey V1 1,-10.575500000000067,2200.0,8.780199999999999,2258,2280,-1.7953000000000685
0.12,[Alternate] Momentum Monkey V1 2,-2.1792,500.0,1.9954999999999998,4,9,-0.18369999999999997
0.12,[Alternate] Momentum Monkey V1 3,0.0,0.0,0.0,0,0,0.0
0.12,[Alternate] Momentum Monkey V1 4,0.0,0.0,0.0,0,0,0.0
0.12,[Alternate] Momentum Monkey V1 5,0.0,0.0,0.0,0,0,0.0
0.12,[Alternate] Momentum Monkey V2 1,-3658.728700000009,882700.0,3522.8556999999996,1059,9886,-135.8730000000096
0.12,[Alternate] Momentum Monkey V2 2,-54.19590000000015,12000.0,47.891999999999996,4474,4594,-6.303900000000155
0.12,[Alternate] Momentum Monkey V2 3,-30.405200000000075,6900.0,27.537899999999997,1886,1955,-2.8673000000000783
0.12,[Alternate] Momentum Monkey V2 4,-11.468700000000013,2600.0,10.3766,593,619,-1.0921000000000127
0.12,[Alternate] Momentum Monkey V2 5,-3.8868000000000023,1000.0,3.9909999999999997,117,127,0.1041999999999974
0.12,[Alternate] Momentum Monkey V3 1,-4365.49900000002,1054800.0,4209.7068,199,10747,-155.79220000001988
0.12,[Alternate] Momentum Monkey V3 2,-3658.728700000009,882700.0,3522.8556999999996,1059,9886,-135.8730000000096
0.12,[Alternate] Momentum Monkey V3 3,-54.19590000000015,12000.0,47.891999999999996,4474,4594,-6.303900000000155
0.12,[Alternate] Momentum Monkey V3 4,-54.19590000000015,12000.0,47.891999999999996,4474,4594,-6.303900000000155
0.12,[Alternate] Momentum Monkey V3 5,-54.19590000000015,12000.0,47.891999999999996,4474,4594,-6.303900000000155
0.12,Long Term Trader,-0.4786,100.0,0.39909999999999995,0,1,-0.07950000000000007
0.12,Feel Trader,-456.20986500000015,110100.0,439.40909999999997,0,1101,-16.800765000000183
0.12,Trench Trader,-103.0662269999999,24500.0,97.7795,0,245,-5.2867269999999
0.12,Momentum Monkey V1,-2.8089000000000017,700.0,2.7937,90,97,-0.015200000000001879
0.12,Momentum Monkey V2,-4365.49900000002,1054800.0,4209.7068,199,10747,-155.79220000001988
0.12,Momentum Monkey V3,-4365.49900000002,1054800.0,4209.7068,199,10747,-155.79220000001988
0.13,[Alternate] Trench Trader 1,-9.067842,2200.0,8.8308,0,22,-0.23704200000000064
0.13,[Alternate] Trench Trader 2,-2.5436309999999995,600.0,2.4084000000000003,0,6,-0.1352309999999992
0.13,[Alternate] Trench Trader 3,-0.39310999999999996,100.0,0.40140000000000003,0,1,0.008290000000000075
0.13,[Alternate] Trench Trader 4,0.0,0.0,0.0,0,0,0.0
0.13,[Alternate] Trench Trader 5,0.0,0.0,0.0,0,0,0.0
0.13,[Alternate] Momentum Monkey V1 1,-8.141500000000072,1600.0,6.4224000000000006,2440,2456,-1.7191000000000711
0.13,[Alternate] Momentum Monkey V1 2,-2.1773999999999996,500.0,2.007,6,11,-0.17039999999999944
0.13,[Alternate] Momentum Monkey V1 3,0.0,0.0,0.0,0,0,0.0
0.13,[Alternate] Momentum Monkey V1 4,0.0,0.0,0.0,0,0,0.0
0.13,[Alternate] Momentum Monkey V1 5,0.0,0.0,0.0,0,0,0.0
0.13,[Alternate] Momentum Monkey V2 1,-3921.914600000002,948300.0,3806.4762,1185,10668,-115.43840000000182
0.13,[Alternate] Momentum Monkey V2 2,-60.602300000000135,13600.0,54.5904,4817,4953,-6.011900000000132
0.13,[Alternate] Momentum Monkey V2 3,-32.03480000000011,7300.0,29.302200000000003,2040,2113,-2.732600000000108
0.13,[Alternate] Momentum Monkey V2 4,-11.897200000000016,2700.0,10.837800000000001,648,675,-1.0594000000000143
0.13,[Alternate] Momentum Monkey V2 5,-3.8800000000000034,1000.0,4.014,128,138,0.1339999999999968
0.13,[Alternate] Momentum Monkey V3 1,-4699.122300000052,1138000.0,4567.932,237,11617,-131.19030000005205
0.13,[Alternate] Momentum Monkey V3 2,-3921.914600000002,948300.0,3806.4762,1185,10668,-115.43840000000182
0.13,[Alternate] Momentum Monkey V3 3,-60.602300000000135,13600.0,54.5904,4817,4953,-6.011900000000132
0.13,[Alternate] Momentum Monkey V3 4,-60.602300000000135,13600.0,54.5904,4817,4953,-6.011900000000132
0.13,[Alternate] Momentum Monkey V3 5,-60.602300000000135,13600.0,54.5904,4817,4953,-6.011900000000132
0.13,Long Term Trader,-0.4786,100.0,0.40140000000000003,0,1,-0.07719999999999999
0.13,Feel Trader,-489.89338800000013,118500.0,475.65900000000005,0,1185,-14.23438800000008
0.13,Trench Trader,-103.0662269999999,24500.0,98.343,0,245,-4.723226999999895
0.13,Momentum Monkey V1,-5.2051000000000025,1300.0,5.2182,98,111,0.013099999999997891
0.13,Momentum Monkey V2,-4699.122300000052,1138000.0,4567.932,237,11617,-131.19030000005205
0.13,Momentum Monkey V3,-4699.122300000052,1138000.0,4567.932,237,11617,-131.19030000005205
0.14,[Alternate] Trench Trader 1,-9.067842,2200.0,9.8912,0,22,0.8233579999999989
0.14,[Alternate] Trench Trader 2,-2.5436309999999995,600.0,2.6976,0,6,0.15396900000000047
0.14,[Alternate] Trench Trader 3,-0.39310999999999996,100.0,0.4496,0,1,0.05649000000000004
0.14,[Alternate] Trench Trader 4,0.0,0.0,0.0,0,0,0.0
0.14,[Alternate] Trench Trader 5,0.0,0.0,0.0,0,0,0.0
0.14,[Alternate] Momentum Monkey V1 1,-9.153500000000067,1800.0,8.0928,2626,2644,-1.0607000000000664
0.14,[Alternate] Momentum Monkey V1 2,-3.1219999999999994,700.0,3.1471999999999998,7,14,0.025200000000000333
0.14,[Alternate] Momentum Monkey V1 3,0.0,0.0,0.0,0,0,0.0
0.14,[Alternate] Momentum Monkey V1 4,0.0,0.0,0.0,0,0,0.0
0.14,[Alternate] Momentum Monkey V1 5,0.0,0.0,0.0,0,0,0.0
0.14,[Alternate] Momentum Monkey V2 1,-4223.780299999997,1019600.0,4584.1216,1267,11463,360.3413000000037
0.14,[Alternate] Momentum Monkey V2 2,-63.53300000000014,14200.0,63.8432,5216,5358,0.3101999999998597
0.14,[Alternate] Momentum Monkey V2 3,-31.645700000000083,7200.0,32.3712,2226,2298,0.7254999999999185
0.14,[Alternate] Momentum Monkey V2 4,-12.990400000000017,2900.0,13.0384,704,733,0.04799999999998228
0.14,[Alternate] Momentum Monkey V2 5,-5.845300000000005,1400.0,6.2943999999999996,141,155,0.4490999999999943
0.14,[Alternate] Momentum Monkey V3 1,-5054.579800000039,1222100.0,5494.5616,255,12476,439.98179999996137
0.14,[Alternate] Momentum Monkey V3 2,-4223.780299999997,1019600.0,4584.1216,1267,11463,360.3413000000037
0.14,[Alternate] Momentum Monkey V3 3,-63.53300000000014,14200.0,63.8432,5216,5358,0.3101999999998597
0.14,[Alternate] Momentum Monkey V3 4,-63.53300000000014,14200.0,63.8432,5216,5358,0.3101999999998597
0.14,[Alternate] Momentum Monkey V3 5,-63.53300000000014,14200.0,63.8432,5216,5358,0.3101999999998597
0.14,Long Term Trader,-0.4786,100.0,0.4496,0,1,-0.029000000000000026
0.14,Feel Trader,-521.6436420000001,126000.0,566.496,0,1260,44.85235799999987
0.14,Trench Trader,-106.96088699999991,25400.0,114.1984,0,254,7.237513000000092
0.14,Momentum Monkey V1,-6.778100000000003,1600.0,7.1936,107,123,0.4154999999999971
0.14,Momentum Monkey V2,-5054.579800000039,1222100.0,5494.5616,255,12476,439.98179999996137
0.14,Momentum Monkey V3,-5054.579800000039,1222100.0,5494.5616,255,12476,439.98179999996137
0.15,[Alternate] Trench Trader 1,-9.507274,2300.0,11.1228,0,23,1.6155259999999991
0.15,[Alternate] Trench Trader 2,-2.5436309999999995,600.0,2.9016,0,6,0.35796900000000065
0.15,[Alternate] Trench Trader 3,-0.39310999999999996,100.0,0.48360000000000003,0,1,0.09049000000000007
0.15,[Alternate] Trench Trader 4,0.0,0.0,0.0,0,0,0.0
0.15,[Alternate] Trench Trader 5,0.0,0.0,0.0,0,0,0.0
0.15,[Alternate] Momentum Monkey V1 1,-14.916800000000075,3000.0,14.508000000000001,2847,2877,-0.408800000000074
0.15,[Alternate] Momentum Monkey V1 2,-2.7240999999999995,600.0,2.9016,9,15,0.17750000000000066
0.15,[Alternate] Momentum Monkey V1 3,0.0,0.0,0.0,0,0,0.0
0.15,[Alternate] Momentum Monkey V1 4,0.0,0.0,0.0,0,0,0.0
0.15,[Alternate] Momentum Monkey V1 5,0.0,0.0,0.0,0,0,0.0
0.15,[Alternate] Momentum Monkey V2 1,-4588.331100000003,1098200.0,5310.8952,1332,12314,722.5640999999969
0.15,[Alternate] Momentum Monkey V2 2,-61.46900000000013,13700.0,66.2532,5649,5786,4.784199999999878
0.15,[Alternate] Momentum Monkey V2 3,-39.05890000000007,8800.0,42.5568,2438,2526,3.4978999999999303
0.15,[Alternate] Momentum Monkey V2 4,-28.50940000000002,6200.0,29.9832,769,831,1.4737999999999793
0.15,[Alternate] Momentum Monkey V2 5,-16.285800000000012,3600.0,17.4096,152,188,1.1237999999999886
0.15,[Alternate] Momentum Monkey V3 1,-5469.618800000052,1311500.0,6342.414,266,13381,872.7951999999477
0.15,[Alternate] Momentum Monkey V3 2,-4588.331100000003,1098200.0,5310.8952,1332,12314,722.5640999999969
0.15,[Alternate] Momentum Monkey V3 3,-61.46900000000013,13700.0,66.2532,5649,5786,4.784199999999878
0.15,[Alternate] Momentum Monkey V3 4,-61.46900000000013,13700.0,66.2532,5649,5786,4.784199999999878
0.15,[Alternate] Momentum Monkey V3 5,-61.46900000000013,13700.0,66.2532,5649,5786,4.784199999999878
0.15,Long Term Trader,-0.4786,100.0,0.48360000000000003,0,1,0.0050000000000000044
0.15,Feel Trader,-560.5775759999999,134400.0,649.9584,0,1344,89.38082400000008
0.15,Trench Trader,-119.32816499999988,28000.0,135.408,0,280,16.079835000000102
0.15,Momentum Monkey V1,-8.651200000000008,2000.0,9.672,122,142,1.0207999999999924
0.15,Momentum Monkey V2,-5469.618800000052,1311500.0,6342.414,266,13381,872.7951999999477
0.15,Momentum Monkey V3,-5469.618800000052,1311500.0,6342.414,266,13381,872.7951999999477
0.16,[Alternate] Trench Trader 1,-9.507274,2300.0,11.6311,0,23,2.1238259999999993
0.16,[Alternate] Trench Trader 2,-2.5436309999999995,600.0,3.0342,0,6,0.49056900000000025
0.16,[Alternate] Trench Trader 3,-0.39310999999999996,100.0,0.5057,0,1,0.11259000000000008
0.16,[Alternate] Trench Trader 4,0.0,0.0,0.0,0,0,0.0
0.16,[Alternate] Trench Trader 5,0.0,0.0,0.0,0,0,0.0
0.16,[Alternate] Momentum Monkey V1 1,-4.823400000000063,800.0,4.0456,3071,3079,-0.7778000000000631
0.16,[Alternate] Momentum Monkey V1 2,-2.2475999999999994,500.0,2.5284999999999997,10,15,0.28090000000000037
0.16,[Alternate] Momentum Monkey V1 3,0.0,0.0,0.0,0,0,0.0
0.16,[Alternate] Momentum Monkey V1 4,0.0,0.0,0.0,0,0,0.0
0.16,[Alternate] Momentum Monkey V1 5,0.0,0.0,0.0,0,0,0.0
0.16,[Alternate] Momentum Monkey V2 1,-4917.708299999985,1166200.0,5897.4734,1442,13104,979.7651000000151
0.16,[Alternate] Momentum Monkey V2 2,-53.53700000000003,11800.0,59.672599999999996,6073,6191,6.135599999999968
0.16,[Alternate] Momentum Monkey V2 3,-27.36320000000008,6200.0,31.3534,2662,2724,3.99019999999992
0.16,[Alternate] Momentum Monkey V2 4,-6.577100000000016,1600.0,8.0912,879,895,1.514099999999985
0.16,[Alternate] Momentum Monkey V2 5,-14.428000000000011,3200.0,16.1824,166,198,1.7543999999999897
0.16,[Alternate] Momentum Monkey V3 1,-5891.649000000027,1398700.0,7073.2258999999995,280,14267,1181.5768999999727
0.16,[Alternate] Momentum Monkey V3 2,-4917.708299999985,1166200.0,5897.4734,1442,13104,979.7651000000151
0.16,[Alternate] Momentum Monkey V3 3,-53.53700000000003,11800.0,59.672599999999996,6073,6191,6.135599999999968
0.16,[Alternate] Momentum Monkey V3 4,-53.53700000000003,11800.0,59.672599999999996,6073,6191,6.135599999999968
0.16,[Alternate] Momentum Monkey V3 5,-53.53700000000003,11800.0,59.672599999999996,6073,6191,6.135599999999968
0.16,Long Term Trader,-0.4786,100.0,0.5057,0,1,0.027100000000000013
0.16,Feel Trader,-607.0121759999998,144000.0,728.208,0,1440,121.19582400000013
0.16,Trench Trader,-121.71485699999987,28500.0,144.12449999999998,0,285,22.409643000000116
0.16,Momentum Monkey V1,-5.257200000000007,1300.0,6.5741,135,148,1.3168999999999924
0.16,Momentum Monkey V2,-5891.649000000027,1398700.0,7073.2258999999995,280,14267,1181.5768999999727
0.16,Momentum Monkey V3,-5891.649000000027,1398700.0,7073.2258999999995,280,14267,1181.5768999999727
0.17,[Alternate] Trench Trader 1,-24.236772000000002,4800.0,27.648000000000003,0,48,3.4112280000000013
0.17,[Alternate] Trench Trader 2,-8.234620999999999,1600.0,9.216000000000001,0,16,0.9813790000000022
0.17,[Alternate] Trench Trader 3,-2.00279,400.0,2.3040000000000003,0,4,0.3012100000000002
0.17,[Alternate] Trench Trader 4,0.0,0.0,0.0,0,0,0.0
0.17,[Alternate] Trench Trader 5,0.0,0.0,0.0,0,0,0.0
0.17,[Alternate] Momentum Monkey V1 1,-29.2239,4900.0,28.224,3302,3351,-0.9999000000000002
0.17,[Alternate] Momentum Monkey V1 2,-3.5187999999999993,700.0,4.032,10,17,0.5132000000000008
0.17,[Alternate] Momentum Monkey V1 3,0.0,0.0,0.0,0,0,0.0
0.17,[Alternate] Momentum Monkey V1 4,0.0,0.0,0.0,0,0,0.0
0.17,[Alternate] Momentum Monkey V1 5,0.0,0.0,0.0,0,0,0.0
0.17,[Alternate] Momentum Monkey V2 1,-5419.38199999999,1251000.0,7205.76,1500,14010,1786.3780000000106
0.17,[Alternate] Momentum Monkey V2 2,-113.32389999999991,21800.0,125.56800000000001,6505,6723,12.244100000000103
0.17,[Alternate] Momentum Monkey V2 3,-68.16719999999994,13100.0,75.456,2861,2992,7.288800000000066
0.17,[Alternate] Momentum Monkey V2 4,-28.004200000000026,5100.0,29.376,937,988,1.3717999999999755
0.17,[Alternate] Momentum Monkey V2 5,-17.87800000000001,3700.0,21.312,177,214,3.4339999999999904
0.17,[Alternate] Momentum Monkey V3 1,-6449.067500000032,1492900.0,8599.104000000001,291,15220,2150.0364999999692
0.17,[Alternate] Momentum Monkey V3 2,-5419.38199999999,1251000.0,7205.76,1500,14010,1786.3780000000106
0.17,[Alternate] Momentum Monkey V3 3,-113.32389999999991,21800.0,125.56800000000001,6505,6723,12.244100000000103
0.17,[Alternate] Momentum Monkey V3 4,-113.32389999999991,21800.0,125.56800000000001,6505,6723,12.244100000000103
0.17,[Alternate] Momentum Monkey V3 5,-113.32389999999991,21800.0,125.56800000000001,6505,6723,12.244100000000103
0.17,Long Term Trader,-0.4786,100.0,0.5760000000000001,0,1,0.09740000000000004
0.17,Feel Trader,-668.5252289999997,154300.0,888.768,0,1543,220.2427710000003
0.17,Trench Trader,-181.14772499999984,38400.0,221.18400000000003,0,384,40.03627500000019
0.17,Momentum Monkey V1,-6.550700000000007,1500.0,8.64,142,157,2.0892999999999935
0.17,Momentum Monkey V2,-6449.067500000032,1492900.0,8599.104000000001,291,15220,2150.0364999999692
0.17,Momentum Monkey V3,-6449.067500000032,1492900.0,8599.104000000001,291,15220,2150.0364999999692
0.18,[Alternate] Trench Trader 1,-27.416186,5300.0,33.0084,0,53,5.592214000000002
0.18,[Alternate] Trench Trader 2,-10.107302999999998,1900.0,11.8332,0,19,1.7258970000000016
0.18,[Alternate] Trench Trader 3,-2.619055,500.0,3.114,0,5,0.49494499999999997
0.18,[Alternate] Trench Trader 4,0.0,0.0,0.0,0,0,0.0
0.18,[Alternate] Trench Trader 5,0.0,0.0,0.0,0,0,0.0
0.18,[Alternate] Momentum Monkey V1 1,-34.54439999999998,5600.0,34.8768,3552,3608,0.3324000000000211
0.18,[Alternate] Momentum Monkey V1 2,-3.466699999999999,700.0,4.3596,13,20,0.8929000000000014
0.18,[Alternate] Momentum Monkey V1 3,0.0,0.0,0.0,0,0,0.0
0.18,[Alternate] Momentum Monkey V1 4,0.0,0.0,0.0,0,0,0.0
0.18,[Alternate] Momentum Monkey V1 5,0.0,0.0,0.0,0,0,0.0
0.18,[Alternate] Momentum Monkey V2 1,-5897.766700000002,1327200.0,8265.8016,1586,14858,2368.0348999999987
0.18,[Alternate] Momentum Monkey V2 2,-99.75779999999999,19200.0,119.5776,6985,7177,19.819800000000015
0.18,[Alternate] Momentum Monkey V2 3,-64.93499999999996,12300.0,76.6044,3114,3237,11.669400000000039
0.18,[Alternate] Momentum Monkey V2 4,-40.704700000000045,6900.0,42.9732,1023,1092,2.2684999999999533
0.18,[Alternate] Momentum Monkey V2 5,-28.923600000000018,5400.0,33.6312,193,247,4.707599999999982
0.18,[Alternate] Momentum Monkey V3 1,-7014.989400000049,1583100.0,9859.5468,307,16138,2844.5573999999515
0.18,[Alternate] Momentum Monkey V3 2,-5897.766700000002,1327200.0,8265.8016,1586,14858,2368.0348999999987
0.18,[Alternate] Momentum Monkey V3 3,-99.75779999999999,19200.0,119.5776,6985,7177,19.819800000000015
0.18,[Alternate] Momentum Monkey V3 4,-99.75779999999999,19200.0,119.5776,6985,7177,19.819800000000015
0.18,[Alternate] Momentum Monkey V3 5,-99.75779999999999,19200.0,119.5776,6985,7177,19.819800000000015
0.18,Long Term Trader,-0.4786,100.0,0.6228,0,1,0.1442
0.18,Feel Trader,-740.8299099999996,165900.0,1033.2252,0,1659,292.3952900000005
0.18,Trench Trader,-210.3423299999998,43000.0,267.804,0,430,57.46167000000017
0.18,Momentum Monkey V1,-13.229100000000019,2500.0,15.57,163,188,2.3408999999999818
0.18,Momentum Monkey V2,-7014.989400000049,1583100.0,9859.5468,307,16138,2844.5573999999515
0.18,Momentum Monkey V3,-7014.989400000049,1583100.0,9859.5468,307,16138,2844.5573999999515
0.19,[Alternate] Trench Trader 1,-38.765468000000006,6900.0,56.8284,0,69,18.062931999999996
0.19,[Alternate] Trench Trader 2,-10.107302999999998,1900.0,15.6484,0,19,5.541097000000002
0.19,[Alternate] Trench Trader 3,-2.619055,500.0,4.118,0,5,1.4989450000000004
0.19,[Alternate] Trench Trader 4,0.0,0.0,0.0,0,0,0.0
0.19,[Alternate] Trench Trader 5,0.0,0.0,0.0,0,0,0.0
0.19,[Alternate] Momentum Monkey V1 1,-20.581600000000027,3300.0,27.178800000000003,3798,3831,6.597199999999976
0.19,[Alternate] Momentum Monkey V1 2,-5.380699999999999,1000.0,8.236,13,23,2.8553000000000015
0.19,[Alternate] Momentum Monkey V1 3,0.0,0.0,0.0,0,0,0.0
0.19,[Alternate] Momentum Monkey V1 4,0.0,0.0,0.0,0,0,0.0
0.19,[Alternate] Momentum Monkey V1 5,0.0,0.0,0.0,0,0,0.0
0.19,[Alternate] Momentum Monkey V2 1,-6453.838000000012,1406500.0,11583.934000000001,1661,15726,5130.0959999999895
0.19,[Alternate] Momentum Monkey V2 2,-76.44510000000001,14700.0,121.06920000000001,7479,7626,44.6241
0.19,[Alternate] Momentum Monkey V2 3,-37.011299999999956,7600.0,62.5936,3353,3429,25.582300000000046
0.19,[Alternate] Momentum Monkey V2 4,-37.38780000000008,6200.0,51.0632,1098,1160,13.675399999999925
0.19,[Alternate] Momentum Monkey V2 5,-31.517300000000027,5800.0,47.7688,205,263,16.25149999999997
0.19,[Alternate] Momentum Monkey V3 1,-7656.718500000061,1675000.0,13795.300000000001,319,17069,6138.58149999994
0.19,[Alternate] Momentum Monkey V3 2,-6453.838000000012,1406500.0,11583.934000000001,1661,15726,5130.0959999999895
0.19,[Alternate] Momentum Monkey V3 3,-76.44510000000001,14700.0,121.06920000000001,7479,7626,44.6241
0.19,[Alternate] Momentum Monkey V3 4,-76.44510000000001,14700.0,121.06920000000001,7479,7626,44.6241
0.19,[Alternate] Momentum Monkey V3 5,-76.44510000000001,14700.0,121.06920000000001,7479,7626,44.6241
0.19,Long Term Trader,-0.4786,100.0,0.8236,0,1,0.345
0.19,Feel Trader,-815.6715999999991,176600.0,1454.4776,0,1766,638.8060000000008
0.19,Trench Trader,-266.98448699999983,50800.0,418.3888,0,508,151.40431300000017
0.19,Momentum Monkey V1,-17.126700000000014,3100.0,25.5316,169,200,8.404899999999987
0.19,Momentum Monkey V2,-7656.718500000061,1675000.0,13795.300000000001,319,17069,6138.58149999994
0.19,Momentum Monkey V3,-7656.718500000061,1675000.0,13795.300000000001,319,17069,6138.58149999994
0.2,[Alternate] Trench Trader 1,-45.891930000000016,7800.0,62.516999999999996,0,78,16.62506999999998
0.2,[Alternate] Trench Trader 2,-12.428997999999998,2200.0,17.633,0,22,5.204002000000001
0.2,[Alternate] Trench Trader 3,-2.619055,500.0,4.007499999999999,0,5,1.3884449999999995
0.2,[Alternate] Trench Trader 4,0.0,0.0,0.0,0,0,0.0
0.2,[Alternate] Trench Trader 5,0.0,0.0,0.0,0,0,0.0
0.2,[Alternate] Momentum Monkey V1 1,9.134499999999969,-500.0,-4.007499999999999,4057,4052,5.12699999999997
0.2,[Alternate] Momentum Monkey V1 2,-2.9590999999999994,700.0,5.6105,16,23,2.6514000000000006
0.2,[Alternate] Momentum Monkey V1 3,0.0,0.0,0.0,0,0,0.0
0.2,[Alternate] Momentum Monkey V1 4,0.0,0.0,0.0,0,0,0.0
0.2,[Alternate] Momentum Monkey V1 5,0.0,0.0,0.0,0,0,0.0
0.2,[Alternate] Momentum Monkey V2 1,-7047.409999999998,1480200.0,11863.803,1770,16572,4816.393000000002
0.2,[Alternate] Momentum Monkey V2 2,-56.72239999999999,12000.0,96.17999999999999,7961,8081,39.4576
0.2,[Alternate] Momentum Monkey V2 3,-11.577399999999948,4200.0,33.663,3617,3659,22.08560000000005
0.2,[Alternate] Momentum Monkey V2 4,-4.462600000000083,2000.0,16.029999999999998,1207,1227,11.567399999999914
0.2,[Alternate] Momentum Monkey V2 5,-21.946800000000025,4600.0,36.869,220,266,14.922199999999975
0.2,[Alternate] Momentum Monkey V3 1,-8401.108500000058,1767500.0,14166.512499999999,334,18009,5765.40399999994
0.2,[Alternate] Momentum Monkey V3 2,-7047.409999999998,1480200.0,11863.803,1770,16572,4816.393000000002
0.2,[Alternate] Momentum Monkey V3 3,-56.72239999999999,12000.0,96.17999999999999,7961,8081,39.4576
0.2,[Alternate] Momentum Monkey V3 4,-56.72239999999999,12000.0,96.17999999999999,7961,8081,39.4576
0.2,[Alternate] Momentum Monkey V3 5,-56.72239999999999,12000.0,96.17999999999999,7961,8081,39.4576
0.2,Long Term Trader,-0.4786,100.0,0.8015,0,1,0.32289999999999996
0.2,Feel Trader,-896.7385929999991,186700.0,1496.4005,0,1867,599.6619070000008
0.2,Trench Trader,-323.36033399999985,57900.0,464.0685,0,579,140.70816600000012
0.2,Momentum Monkey V1,-10.004600000000018,2200.0,17.633,183,205,7.628399999999981
0.2,Momentum Monkey V2,-8401.108500000058,1767500.0,14166.512499999999,334,18009,5765.40399999994
0.2,Momentum Monkey V3,-8401.108500000058,1767500.0,14166.512499999999,334,18009,5765.40399999994
0.21,[Alternate] Trench Trader 1,-52.998890000000024,8600.0,78.48360000000001,0,86,25.484709999999986
0.21,[Alternate] Trench Trader 2,-13.324210999999998,2300.0,20.989800000000002,0,23,7.665589000000004
0.21,[Alternate] Trench Trader 3,-2.619055,500.0,4.563000000000001,0,5,1.9439450000000007
0.21,[Alternate] Trench Trader 4,0.0,0.0,0.0,0,0,0.0
0.21,[Alternate] Trench Trader 5,0.0,0.0,0.0,0,0,0.0
0.21,[Alternate] Momentum Monkey V1 1,13.389999999999967,-1000.0,-9.126000000000001,4291,4281,4.263999999999966
0.21,[Alternate] Momentum Monkey V1 2,-1.3706999999999994,500.0,4.563000000000001,19,24,3.1923000000000012
0.21,[Alternate] Momentum Monkey V1 3,0.0,0.0,0.0,0,0,0.0
0.21,[Alternate] Momentum Monkey V1 4,0.0,0.0,0.0,0,0,0.0
0.21,[Alternate] Momentum Monkey V1 5,0.0,0.0,0.0,0,0,0.0
0.21,[Alternate] Momentum Monkey V2 1,-7647.736500000003,1552600.0,14169.027600000001,1881,17407,6521.291099999999
0.21,[Alternate] Momentum Monkey V2 2,-29.314099999999886,8700.0,79.39620000000001,8415,8502,50.082100000000125
0.21,[Alternate] Momentum Monkey V2 3,-7.115399999999946,3900.0,35.5914,3819,3858,28.476000000000056
0.21,[Alternate] Momentum Monkey V2 4,3.6546999999999166,1100.0,10.0386,1274,1285,13.693299999999917
0.21,[Alternate] Momentum Monkey V2 5,-2.7244000000000272,2200.0,20.0772,251,273,17.352799999999974
0.21,[Alternate] Momentum Monkey V3 1,-9132.737800000068,1855900.0,16936.9434,365,18924,7804.205599999932
0.21,[Alternate] Momentum Monkey V3 2,-7647.736500000003,1552600.0,14169.027600000001,1881,17407,6521.291099999999
0.21,[Alternate] Momentum Monkey V3 3,-29.314099999999886,8700.0,79.39620000000001,8415,8502,50.082100000000125
0.21,[Alternate] Momentum Monkey V3 4,-29.314099999999886,8700.0,79.39620000000001,8415,8502,50.082100000000125
0.21,[Alternate] Momentum Monkey V3 5,-29.314099999999886,8700.0,79.39620000000001,8415,8502,50.082100000000125
0.21,Long Term Trader,-0.4786,100.0,0.9126000000000001,0,1,0.43400000000000005
0.21,Feel Trader,-988.9213519999989,197700.0,1804.2102,0,1977,815.288848000001
0.21,Trench Trader,-382.77666899999974,64700.0,590.4522000000001,0,647,207.67553100000032
0.21,Momentum Monkey V1,-5.158400000000017,1600.0,14.601600000000001,201,217,9.443199999999983
0.21,Momentum Monkey V2,-9132.737800000068,1855900.0,16936.9434,365,18924,7804.205599999932
0.21,Momentum Monkey V3,-9132.737800000068,1855900.0,16936.9434,365,18924,7804.205599999932
0.22,[Alternate] Trench Trader 1,-68.78718000000002,10200.0,111.4554,0,102,42.66821999999998
0.22,[Alternate] Trench Trader 2,-16.272137999999998,2600.0,28.4102,0,26,12.138062000000001
0.22,[Alternate] Trench Trader 3,-2.619055,500.0,5.4635,0,5,2.844445
0.22,[Alternate] Trench Trader 4,0.0,0.0,0.0,0,0,0.0
0.22,[Alternate] Trench Trader 5,0.0,0.0,0.0,0,0,0.0
0.22,[Alternate] Momentum Monkey V1 1,-26.10570000000004,2900.0,31.688299999999998,4520,4549,5.582599999999957
0.22,[Alternate] Momentum Monkey V1 2,-1.3706999999999994,500.0,5.4635,19,24,4.0928
0.22,[Alternate] Momentum Monkey V1 3,0.0,0.0,0.0,0,0,0.0
0.22,[Alternate] Momentum Monkey V1 4,0.0,0.0,0.0,0,0,0.0
0.22,[Alternate] Momentum Monkey V1 5,0.0,0.0,0.0,0,0,0.0
0.22,[Alternate] Momentum Monkey V2 1,-8471.79810000001,1635300.0,17868.9231,1961,18314,9397.124999999989
0.22,[Alternate] Momentum Monkey V2 2,-180.81469999999962,24000.0,262.248,8832,9072,81.43330000000037
0.22,[Alternate] Momentum Monkey V2 3,-78.74129999999995,10900.0,119.1043,4031,4140,40.36300000000004
0.22,[Alternate] Momentum Monkey V2 4,-3.9504000000000836,1800.0,19.668599999999998,1350,1368,15.718199999999914
0.22,[Alternate] Momentum Monkey V2 5,-7.201800000000028,2600.0,28.4102,259,285,21.208399999999973
0.22,[Alternate] Momentum Monkey V3 1,-10102.17440000007,1953000.0,21340.430999999997,373,19903,11238.256599999926
0.22,[Alternate] Momentum Monkey V3 2,-8471.79810000001,1635300.0,17868.9231,1961,18314,9397.124999999989
0.22,[Alternate] Momentum Monkey V3 3,-180.81469999999962,24000.0,262.248,8832,9072,81.43330000000037
0.22,[Alternate] Momentum Monkey V3 4,-180.81469999999962,24000.0,262.248,8832,9072,81.43330000000037
0.22,[Alternate] Momentum Monkey V3 5,-180.81469999999962,24000.0,262.248,8832,9072,81.43330000000037
0.22,Long Term Trader,-0.4786,100.0,1.0927,0,1,0.6141
0.22,Feel Trader,-1110.8439729999984,209900.0,2293.5773,0,2099,1182.7333270000015
0.22,Trench Trader,-482.8755689999999,74700.0,816.2469,0,747,333.37133100000005
0.22,Momentum Monkey V1,-9.43790000000002,2000.0,21.854,208,228,12.416099999999979
0.22,Momentum Monkey V2,-10102.17440000007,1953000.0,21340.430999999997,373,19903,11238.256599999926
0.22,Momentum Monkey V3,-10102.17440000007,1953000.0,21340.430999999997,373,19903,11238.256599999926
0.23,[Alternate] Trench Trader 1,-77.04260200000002,10900.0,132.0644,0,109,55.02179799999999
0.23,[Alternate] Trench Trader 2,-16.272137999999998,2600.0,31.5016,0,26,15.229462000000002
0.23,[Alternate] Trench Trader 3,-2.619055,500.0,6.058,0,5,3.438945
0.23,[Alternate] Trench Trader 4,0.0,0.0,0.0,0,0,0.0
0.23,[Alternate] Trench Trader 5,0.0,0.0,0.0,0,0,0.0
0.23,[Alternate] Momentum Monkey V1 1,-41.47039999999992,4000.0,48.464,4759,4799,6.993600000000079
0.23,[Alternate] Momentum Monkey V1 2,1.1878000000000006,300.0,3.6348,21,24,4.8226
0.23,[Alternate] Momentum Monkey V1 3,0.0,0.0,0.0,0,0,0.0
0.23,[Alternate] Momentum Monkey V1 4,0.0,0.0,0.0,0,0,0.0
0.23,[Alternate] Momentum Monkey V1 5,0.0,0.0,0.0,0,0,0.0
0.23,[Alternate] Momentum Monkey V2 1,-9553.008400000032,1723800.0,20885.5608,2012,19250,11332.552399999968
0.23,[Alternate] Momentum Monkey V2 2,-213.87819999999974,26300.0,318.6508,9314,9577,104.77260000000027
0.23,[Alternate] Momentum Monkey V2 3,-118.91609999999974,13900.0,168.4124,4238,4377,49.49630000000025
0.23,[Alternate] Momentum Monkey V2 4,-38.92000000000009,4600.0,55.7336,1401,1447,16.813599999999916
0.23,[Alternate] Momentum Monkey V2 5,-6.954000000000031,2600.0,31.5016,268,294,24.547599999999967
0.23,[Alternate] Momentum Monkey V3 1,-11286.500500000095,2049900.0,24836.5884,382,20881,13550.087899999906
0.23,[Alternate] Momentum Monkey V3 2,-9553.008400000032,1723800.0,20885.5608,2012,19250,11332.552399999968
0.23,[Alternate] Momentum Monkey V3 3,-213.87819999999974,26300.0,318.6508,9314,9577,104.77260000000027
0.23,[Alternate] Momentum Monkey V3 4,-213.87819999999974,26300.0,318.6508,9314,9577,104.77260000000027
0.23,[Alternate] Momentum Monkey V3 5,-213.87819999999974,26300.0,318.6508,9314,9577,104.77260000000027
0.23,Long Term Trader,-0.4786,100.0,1.2116,0,1,0.733
0.23,Feel Trader,-1234.5223789999982,220000.0,2665.52,0,2200,1430.9976210000018
0.23,Trench Trader,-552.6180000000003,80500.0,975.338,0,805,422.7199999999997
0.23,Momentum Monkey V1,-1.7744000000000215,1400.0,16.9624,220,234,15.187999999999978
0.23,Momentum Monkey V2,-11286.500500000095,2049900.0,24836.5884,382,20881,13550.087899999906
0.23,Momentum Monkey V3,-11286.500500000095,2049900.0,24836.5884,382,20881,13550.087899999906
0.24,[Alternate] Trench Trader 1,-81.18006400000003,11200.0,152.29760000000002,0,112,71.11753599999999
0.24,[Alternate] Trench Trader 2,-16.272137999999998,2600.0,35.354800000000004,0,26,19.082662000000006
0.24,[Alternate] Trench Trader 3,-2.619055,500.0,6.799,0,5,4.179945
0.24,[Alternate] Trench Trader 4,0.0,0.0,0.0,0,0,0.0
0.24,[Alternate] Trench Trader 5,0.0,0.0,0.0,0,0,0.0
0.24,[Alternate] Momentum Monkey V1 1,-26.403699999999947,2900.0,39.434200000000004,4996,5025,13.030500000000057
0.24,[Alternate] Momentum Monkey V1 2,-0.2543999999999995,400.0,5.4392000000000005,21,25,5.184800000000001
0.24,[Alternate] Momentum Monkey V1 3,0.0,0.0,0.0,0,0,0.0
0.24,[Alternate] Momentum Monkey V1 4,0.0,0.0,0.0,0,0,0.0
0.24,[Alternate] Momentum Monkey V1 5,0.0,0.0,0.0,0,0,0.0
0.24,[Alternate] Momentum Monkey V2 1,-10659.406800000015,1806600.0,24566.146800000002,2088,20154,13906.739999999987
0.24,[Alternate] Momentum Monkey V2 2,-207.7592,26100.0,354.9078,9805,10066,147.14860000000002
0.24,[Alternate] Momentum Monkey V2 3,-71.80679999999981,10400.0,141.41920000000002,4477,4581,69.6124000000002
0.24,[Alternate] Momentum Monkey V2 4,-9.080100000000053,2400.0,32.635200000000005,1477,1501,23.555099999999953
0.24,[Alternate] Momentum Monkey V2 5,-6.050500000000031,2500.0,33.995000000000005,277,302,27.944499999999973
0.24,[Alternate] Momentum Monkey V3 1,-12572.966900000078,2146100.0,29182.667800000003,391,21852,16609.700899999923
0.24,[Alternate] Momentum Monkey V3 2,-10659.406800000015,1806600.0,24566.146800000002,2088,20154,13906.739999999987
0.24,[Alternate] Momentum Monkey V3 3,-207.7592,26100.0,354.9078,9805,10066,147.14860000000002
0.24,[Alternate] Momentum Monkey V3 4,-207.7592,26100.0,354.9078,9805,10066,147.14860000000002
0.24,[Alternate] Momentum Monkey V3 5,-207.7592,26100.0,354.9078,9805,10066,147.14860000000002
0.24,Long Term Trader,-0.4786,100.0,1.3598000000000001,0,1,0.8812000000000001
0.24,Feel Trader,-1369.8597799999986,230100.0,3128.8998,0,2301,1759.0400200000015
0.24,Trench Trader,-603.7473420000003,84300.0,1146.3114,0,843,542.5640579999997
0.24,Momentum Monkey V1,-14.126900000000024,2300.0,31.2754,224,247,17.148499999999977
0.24,Momentum Monkey V2,-12572.966900000078,2146100.0,29182.667800000003,391,21852,16609.700899999923
0.24,Momentum Monkey V3,-12572.966900000078,2146100.0,29182.667800000003,391,21852,16609.700899999923
0.25,[Alternate] Trench Trader 1,-92.68722400000004,12200.0,134.78560000000002,0,122,42.09837599999997
0.25,[Alternate] Trench Trader 2,-18.459294,2800.0,30.9344,0,28,12.475106
0.25,[Alternate] Trench Trader 3,-2.619055,500.0,5.524,0,5,2.904945
0.25,[Alternate] Trench Trader 4,0.0,0.0,0.0,0,0,0.0
0.25,[Alternate] Trench Trader 5,0.0,0.0,0.0,0,0,0.0
0.25,[Alternate] Momentum Monkey V1 1,-11.78649999999995,1700.0,18.7816,5232,5249,6.9951000000000505
0.25,[Alternate] Momentum Monkey V1 2,-0.3166999999999993,400.0,4.4192,23,27,4.102500000000001
0.25,[Alternate] Momentum Monkey V1 3,0.0,0.0,0.0,0,0,0.0
0.25,[Alternate] Momentum Monkey V1 4,0.0,0.0,0.0,0,0,0.0
0.25,[Alternate] Momentum Monkey V1 5,0.0,0.0,0.0,0,0,0.0
0.25,[Alternate] Momentum Monkey V2 1,-11618.645400000038,1888600.0,20865.252800000002,2165,21051,9246.607399999964
0.25,[Alternate] Momentum Monkey V2 2,-60.841999999999615,13700.0,151.35760000000002,10354,10491,90.5156000000004
0.25,[Alternate] Momentum Monkey V2 3,-19.73869999999986,6200.0,68.4976,4708,4770,48.758900000000146
0.25,[Alternate] Momentum Monkey V2 4,-11.41840000000005,2700.0,29.829600000000003,1524,1551,18.41119999999995
0.25,[Alternate] Momentum Monkey V2 5,-0.3708000000000302,2000.0,22.096,295,315,21.72519999999997
0.25,[Alternate] Momentum Monkey V3 1,-13669.746500000098,2239900.0,24746.4152,409,22808,11076.668699999902
0.25,[Alternate] Momentum Monkey V3 2,-11618.645400000038,1888600.0,20865.252800000002,2165,21051,9246.607399999964
0.25,[Alternate] Momentum Monkey V3 3,-60.841999999999615,13700.0,151.35760000000002,10354,10491,90.5156000000004
0.25,[Alternate] Momentum Monkey V3 4,-60.841999999999615,13700.0,151.35760000000002,10354,10491,90.5156000000004
0.25,[Alternate] Momentum Monkey V3 5,-60.841999999999615,13700.0,151.35760000000002,10354,10491,90.5156000000004
0.25,Long Term Trader,-0.4786,100.0,1.1048,0,1,0.6262
0.25,Feel Trader,-1500.3001689999987,241200.0,2664.7776000000003,0,2412,1164.4774310000016
0.25,Trench Trader,-698.5749870000002,92500.0,1021.94,0,925,323.36501299999986
0.25,Momentum Monkey V1,-6.005700000000024,1600.0,17.6768,240,256,11.671099999999976
0.25,Momentum Monkey V2,-13669.746500000098,2239900.0,24746.4152,409,22808,11076.668699999902
0.25,Momentum Monkey V3,-13669.746500000098,2239900.0,24746.4152,409,22808,11076.668699999902
0.26,[Alternate] Trench Trader 1,-93.73719600000004,12300.0,161.38830000000002,0,123,67.65110399999998
0.26,[Alternate] Trench Trader 2,-18.459294,2800.0,36.738800000000005,0,28,18.279506000000005
0.26,[Alternate] Trench Trader 3,-2.619055,500.0,6.5605,0,5,3.9414450000000003
0.26,[Alternate] Trench Trader 4,0.0,0.0,0.0,0,0,0.0
0.26,[Alternate] Trench Trader 5,0.0,0.0,0.0,0,0,0.0
0.26,[Alternate] Momentum Monkey V1 1,-54.97189999999998,5000.0,65.605,5445,5495,10.633100000000027
0.26,[Alternate] Momentum Monkey V1 2,-0.5003999999999993,400.0,5.2484,24,28,4.748000000000001
0.26,[Alternate] Momentum Monkey V1 3,0.0,0.0,0.0,0,0,0.0
0.26,[Alternate] Momentum Monkey V1 4,0.0,0.0,0.0,0,0,0.0
0.26,[Alternate] Momentum Monkey V1 5,0.0,0.0,0.0,0,0,0.0
0.26,[Alternate] Momentum Monkey V2 1,-12573.62320000004,1971700.0,25870.6757,2237,21954,13297.05249999996
0.26,[Alternate] Momentum Monkey V2 2,-145.8016999999997,19900.0,261.10790000000003,10782,10981,115.30620000000033
0.26,[Alternate] Momentum Monkey V2 3,-96.2958999999999,11900.0,156.1399,4900,5019,59.84400000000011
0.26,[Alternate] Momentum Monkey V2 4,-36.19520000000005,4400.0,57.732400000000005,1590,1634,21.537199999999956
0.26,[Alternate] Momentum Monkey V2 5,3.3080999999999685,1600.0,20.9936,311,327,24.30169999999997
0.26,[Alternate] Momentum Monkey V3 1,-14750.593100000096,2334200.0,30627.038200000003,425,23767,15876.445099999906
0.26,[Alternate] Momentum Monkey V3 2,-12573.62320000004,1971700.0,25870.6757,2237,21954,13297.05249999996
0.26,[Alternate] Momentum Monkey V3 3,-145.8016999999997,19900.0,261.10790000000003,10782,10981,115.30620000000033
0.26,[Alternate] Momentum Monkey V3 4,-145.8016999999997,19900.0,261.10790000000003,10782,10981,115.30620000000033
0.26,[Alternate] Momentum Monkey V3 5,-145.8016999999997,19900.0,261.10790000000003,10782,10981,115.30620000000033
0.26,Long Term Trader,-0.4786,100.0,1.3121,0,1,0.8335
0.26,Feel Trader,-1609.718382,250700.0,3289.4347000000002,0,2507,1679.7163180000002
0.26,Trench Trader,-726.759495,95000.0,1246.4950000000001,0,950,519.7355050000001
0.26,Momentum Monkey V1,-2.6330000000000235,1200.0,15.7452,253,265,13.112199999999977
0.26,Momentum Monkey V2,-14750.593100000096,2334200.0,30627.038200000003,425,23767,15876.445099999906
0.26,Momentum Monkey V3,-14750.593100000096,2334200.0,30627.038200000003,425,23767,15876.445099999906
0.27,[Alternate] Trench Trader 1,-98.36044400000004,12700.0,151.2189,0,127,52.85845599999995
0.27,[Alternate] Trench Trader 2,-21.848765000000004,3100.0,36.911699999999996,0,31,15.062934999999992
0.27,[Alternate] Trench Trader 3,-4.74601,700.0,8.3349,0,7,3.5888899999999992
0.27,[Alternate] Trench Trader 4,-2.0821769999999997,200.0,2.3813999999999997,0,2,0.299223
0.27,[Alternate] Trench Trader 5,0.0,0.0,0.0,0,0,0.0
0.27,[Alternate] Momentum Monkey V1 1,-34.50359999999999,3200.0,38.102399999999996,5692,5724,3.598800000000004
0.27,[Alternate] Momentum Monkey V1 2,0.6247000000000007,300.0,3.5721,25,28,4.1968000000000005
0.27,[Alternate] Momentum Monkey V1 3,0.0,0.0,0.0,0,0,0.0
0.27,[Alternate] Momentum Monkey V1 4,0.0,0.0,0.0,0,0,0.0
0.27,[Alternate] Momentum Monkey V1 5,0.0,0.0,0.0,0,0,0.0
0.27,[Alternate] Momentum Monkey V2 1,-13539.848300000047,2053000.0,24445.071,2320,22850,10905.222699999953
0.27,[Alternate] Momentum Monkey V2 2,-62.17139999999998,12600.0,150.0282,11308,11434,87.85680000000002
0.27,[Alternate] Momentum Monkey V2 3,-58.237499999999734,8600.0,102.4002,5149,5235,44.162700000000264
0.27,[Alternate] Momentum Monkey V2 4,-16.03280000000004,2700.0,32.1489,1673,1700,16.116099999999957
0.27,[Alternate] Momentum Monkey V2 5,-2.952000000000033,2100.0,25.0047,319,340,22.052699999999966
0.27,[Alternate] Momentum Monkey V3 1,-15896.264800000088,2430500.0,28939.963499999998,433,24738,13043.69869999991
0.27,[Alternate] Momentum Monkey V3 2,-13539.848300000047,2053000.0,24445.071,2320,22850,10905.222699999953
0.27,[Alternate] Momentum Monkey V3 3,-62.17139999999998,12600.0,150.0282,11308,11434,87.85680000000002
0.27,[Alternate] Momentum Monkey V3 4,-62.17139999999998,12600.0,150.0282,11308,11434,87.85680000000002
0.27,[Alternate] Momentum Monkey V3 5,-62.17139999999998,12600.0,150.0282,11308,11434,87.85680000000002
0.27,Long Term Trader,-0.4786,100.0,1.1906999999999999,0,1,0.7120999999999998
0.27,Feel Trader,-1742.924250999998,261900.0,3118.4433,0,2619,1375.5190490000018
0.27,Trench Trader,-796.5077669999998,100900.0,1201.4162999999999,0,1009,404.90853300000003
0.27,Momentum Monkey V1,4.366399999999976,600.0,7.1442,265,271,11.510599999999975
0.27,Momentum Monkey V2,-15896.264800000088,2430500.0,28939.963499999998,433,24738,13043.69869999991
0.27,Momentum Monkey V3,-15896.264800000088,2430500.0,28939.963499999998,433,24738,13043.69869999991
0.28,[Alternate] Trench Trader 1,-99.51557000000004,12800.0,163.5584,0,128,64.04282999999997
0.28,[Alternate] Trench Trader 2,-21.848765000000004,3100.0,39.611799999999995,0,31,17.76303499999999
0.28,[Alternate] Trench Trader 3,-4.74601,700.0,8.9446,0,7,4.198589999999999
0.28,[Alternate] Trench Trader 4,-2.0821769999999997,200.0,2.5556,0,2,0.47342300000000037
0.28,[Alternate] Trench Trader 5,0.0,0.0,0.0,0,0,0.0
0.28,[Alternate] Momentum Monkey V1 1,-2.4070999999999394,600.0,7.666799999999999,5937,5943,5.25970000000006
0.28,[Alternate] Momentum Monkey V1 2,-0.5305999999999993,400.0,5.1112,26,30,4.5806000000000004
0.28,[Alternate] Momentum Monkey V1 3,0.0,0.0,0.0,0,0,0.0
0.28,[Alternate] Momentum Monkey V1 4,0.0,0.0,0.0,0,0,0.0
0.28,[Alternate] Momentum Monkey V1 5,0.0,0.0,0.0,0,0,0.0
0.28,[Alternate] Momentum Monkey V2 1,-14559.896100000045,2135600.0,27288.696799999998,2395,23751,12728.800699999952
0.28,[Alternate] Momentum Monkey V2 2,-20.461099999999995,9000.0,115.002,11784,11874,94.5409
0.28,[Alternate] Momentum Monkey V2 3,-6.802899999999704,4200.0,53.6676,5408,5450,46.8647000000003
0.28,[Alternate] Momentum Monkey V2 4,-15.51660000000003,2700.0,34.5006,1748,1775,18.983999999999966
0.28,[Alternate] Momentum Monkey V2 5,-11.228800000000032,2800.0,35.7784,333,361,24.549599999999966
0.28,[Alternate] Momentum Monkey V3 1,-17065.888400000054,2525300.0,32268.2834,447,25700,15202.394999999946
0.28,[Alternate] Momentum Monkey V3 2,-14559.896100000045,2135600.0,27288.696799999998,2395,23751,12728.800699999952
0.28,[Alternate] Momentum Monkey V3 3,-20.461099999999995,9000.0,115.002,11784,11874,94.5409
0.28,[Alternate] Momentum Monkey V3 4,-20.461099999999995,9000.0,115.002,11784,11874,94.5409
0.28,[Alternate] Momentum Monkey V3 5,-20.461099999999995,9000.0,115.002,11784,11874,94.5409
0.28,Long Term Trader,-0.4786,100.0,1.2778,0,1,0.7992
0.28,Feel Trader,-1861.3631059999984,271500.0,3469.227,0,2715,1607.8638940000014
0.28,Trench Trader,-820.8894869999999,102900.0,1314.8562,0,1029,493.966713
0.28,Momentum Monkey V1,-5.0954000000000255,1400.0,17.8892,274,288,12.793799999999973
0.28,Momentum Monkey V2,-17065.888400000054,2525300.0,32268.2834,447,25700,15202.394999999946
0.28,Momentum Monkey V3,-17065.888400000054,2525300.0,32268.2834,447,25700,15202.394999999946
0.29,[Alternate] Trench Trader 1,-110.41905000000004,13700.0,150.1109,0,137,39.691849999999945
0.29,[Alternate] Trench Trader 2,-22.916541000000002,3200.0,35.0624,0,32,12.145858999999994
0.29,[Alternate] Trench Trader 3,-4.74601,700.0,7.6699,0,7,2.92389
0.29,[Alternate] Trench Trader 4,-2.0821769999999997,200.0,2.1914,0,2,0.10922300000000007
0.29,[Alternate] Trench Trader 5,0.0,0.0,0.0,0,0,0.0
0.29,[Alternate] Momentum Monkey V1 1,-3.7953999999999413,700.0,7.6699,6146,6153,3.874500000000059
0.29,[Alternate] Momentum Monkey V1 2,-0.5305999999999993,400.0,4.3828,26,30,3.8522000000000003
0.29,[Alternate] Momentum Monkey V1 3,0.0,0.0,0.0,0,0,0.0
0.29,[Alternate] Momentum Monkey V1 4,0.0,0.0,0.0,0,0,0.0
0.29,[Alternate] Momentum Monkey V1 5,0.0,0.0,0.0,0,0,0.0
0.29,[Alternate] Momentum Monkey V2 1,-15499.52110000003,2214000.0,24258.798,2484,24624,8759.276899999968
0.29,[Alternate] Momentum Monkey V2 2,-41.87160000000006,10700.0,117.23989999999999,12164,12271,75.36829999999993
0.29,[Alternate] Momentum Monkey V2 3,-10.266199999999689,4400.0,48.2108,5584,5628,37.94460000000031
0.29,[Alternate] Momentum Monkey V2 4,6.2635999999999665,800.0,8.7656,1826,1834,15.029199999999966
0.29,[Alternate] Momentum Monkey V2 5,-12.65700000000003,2900.0,31.775299999999998,342,371,19.11829999999997
0.29,[Alternate] Momentum Monkey V3 1,-18194.707600000067,2619700.0,28704.0529,456,26653,10509.345299999932
0.29,[Alternate] Momentum Monkey V3 2,-15499.52110000003,2214000.0,24258.798,2484,24624,8759.276899999968
0.29,[Alternate] Momentum Monkey V3 3,-41.87160000000006,10700.0,117.23989999999999,12164,12271,75.36829999999993
0.29,[Alternate] Momentum Monkey V3 4,-41.87160000000006,10700.0,117.23989999999999,12164,12271,75.36829999999993
0.29,[Alternate] Momentum Monkey V3 5,-41.87160000000006,10700.0,117.23989999999999,12164,12271,75.36829999999993
0.29,Long Term Trader,-0.4786,100.0,1.0957,0,1,0.6170999999999999
0.29,Feel Trader,-1976.590412999999,281100.0,3080.0126999999998,0,2811,1103.4222870000008
0.29,Trench Trader,-880.4219489999995,107900.0,1182.2603,0,1079,301.83835100000044
0.29,Momentum Monkey V1,4.3478999999999735,600.0,6.5742,289,295,10.922099999999974
0.29,Momentum Monkey V2,-18194.707600000067,2619700.0,28704.0529,456,26653,10509.345299999932
0.29,Momentum Monkey V3,-18194.707600000067,2619700.0,28704.0529,456,26653,10509.345299999932
0.3,[Alternate] Trench Trader 1,-117.62048200000007,14400.0,187.7184,0,144,70.09791799999994
0.3,[Alternate] Trench Trader 2,-25.855738000000002,3500.0,45.626000000000005,0,35,19.770262000000002
0.3,[Alternate] Trench Trader 3,-4.74601,700.0,9.125200000000001,0,7,4.379190000000001
0.3,[Alternate] Trench Trader 4,-2.0821769999999997,200.0,2.6072,0,2,0.5250230000000005
0.3,[Alternate] Trench Trader 5,0.0,0.0,0.0,0,0,0.0
0.3,[Alternate] Momentum Monkey V1 1,-33.84499999999994,3300.0,43.0188,6358,6391,9.173800000000057
0.3,[Alternate] Momentum Monkey V1 2,-0.7870999999999992,400.0,5.2144,27,31,4.427300000000001
0.3,[Alternate] Momentum Monkey V1 3,0.0,0.0,0.0,0,0,0.0
0.3,[Alternate] Momentum Monkey V1 4,0.0,0.0,0.0,0,0,0.0
0.3,[Alternate] Momentum Monkey V1 5,0.0,0.0,0.0,0,0,0.0
0.3,[Alternate] Momentum Monkey V2 1,-16381.071200000013,2298200.0,29959.3352,2552,25534,13578.263999999988
0.3,[Alternate] Momentum Monkey V2 2,-115.98949999999994,17100.0,222.9156,12589,12760,106.92610000000008
0.3,[Alternate] Momentum Monkey V2 3,-70.6326999999997,9600.0,125.1456,5762,5858,54.5129000000003
0.3,[Alternate] Momentum Monkey V2 4,-17.563500000000037,2800.0,36.500800000000005,1876,1904,18.93729999999997
0.3,[Alternate] Momentum Monkey V2 5,-14.465600000000027,2900.0,37.8044,353,382,23.338799999999974
0.3,[Alternate] Momentum Monkey V3 1,-19192.231700000153,2715300.0,35396.6508,467,27620,16204.41909999985
0.3,[Alternate] Momentum Monkey V3 2,-16381.071200000013,2298200.0,29959.3352,2552,25534,13578.263999999988
0.3,[Alternate] Momentum Monkey V3 3,-115.98949999999994,17100.0,222.9156,12589,12760,106.92610000000008
0.3,[Alternate] Momentum Monkey V3 4,-115.98949999999994,17100.0,222.9156,12589,12760,106.92610000000008
0.3,[Alternate] Momentum Monkey V3 5,-115.98949999999994,17100.0,222.9156,12589,12760,106.92610000000008
0.3,Long Term Trader,-0.4786,100.0,1.3036,0,1,0.8250000000000001
0.3,Feel Trader,-2083.502261999999,291300.0,3797.3868,0,2913,1713.8845380000012
0.3,Trench Trader,-934.6218749999995,113000.0,1473.068,0,1130,538.4461250000005
0.3,Momentum Monkey V1,-0.7409000000000261,1000.0,13.036000000000001,295,305,12.295099999999975
0.3,Momentum Monkey V2,-19192.231700000153,2715300.0,35396.6508,467,27620,16204.41909999985
0.3,Momentum Monkey V3,-19192.231700000153,2715300.0,35396.6508,467,27620,16204.41909999985
0.31,[Alternate] Trench Trader 1,-124.59916000000007,14900.0,225.3178,0,149,100.71863999999994
0.31,[Alternate] Trench Trader 2,-28.634303000000003,3700.0,55.9514,0,37,27.317096999999997
0.31,[Alternate] Trench Trader 3,-6.11192,800.0,12.0976,0,8,5.98568
0.31,[Alternate] Trench Trader 4,-2.0821769999999997,200.0,3.0244,0,2,0.9422230000000003
0.31,[Alternate] Trench Trader 5,0.0,0.0,0.0,0,0,0.0
0.31,[Alternate] Momentum Monkey V1 1,-49.00939999999993,4300.0,65.0246,6597,6640,16.01520000000008
0.31,[Alternate] Momentum Monkey V1 2,0.2771000000000008,300.0,4.5366,29,32,4.813700000000001
0.31,[Alternate] Momentum Monkey V1 3,0.0,0.0,0.0,0,0,0.0
0.31,[Alternate] Momentum Monkey V1 4,0.0,0.0,0.0,0,0,0.0
0.31,[Alternate] Momentum Monkey V1 5,0.0,0.0,0.0,0,0,0.0
0.31,[Alternate] Momentum Monkey V2 1,-17620.586400000015,2384600.0,36059.9212,2616,26462,18439.334799999982
0.31,[Alternate] Momentum Monkey V2 2,-126.57389999999978,17700.0,267.6594,13082,13259,141.08550000000022
0.31,[Alternate] Momentum Monkey V2 3,-66.45499999999953,9300.0,140.6346,5989,6082,74.17960000000048
0.31,[Alternate] Momentum Monkey V2 4,-39.083100000000044,4100.0,62.0002,1940,1981,22.917099999999955
0.31,[Alternate] Momentum Monkey V2 5,-11.558500000000027,2600.0,39.3172,365,391,27.758699999999973
0.31,[Alternate] Momentum Monkey V3 1,-20580.523700000158,2812100.0,42524.5762,479,28600,21944.052499999845
0.31,[Alternate] Momentum Monkey V3 2,-17620.586400000015,2384600.0,36059.9212,2616,26462,18439.334799999982
0.31,[Alternate] Momentum Monkey V3 3,-126.57389999999978,17700.0,267.6594,13082,13259,141.08550000000022
0.31,[Alternate] Momentum Monkey V3 4,-126.57389999999978,17700.0,267.6594,13082,13259,141.08550000000022
0.31,[Alternate] Momentum Monkey V3 5,-126.57389999999978,17700.0,267.6594,13082,13259,141.08550000000022
0.31,Long Term Trader,-0.4786,100.0,1.5122,0,1,1.0335999999999999
0.31,Feel Trader,-2240.857208,302200.0,4569.8684,0,3022,2329.0111920000004
0.31,Trench Trader,-1011.7090169999991,118500.0,1791.957,0,1185,780.247983000001
0.31,Momentum Monkey V1,2.4583999999999744,700.0,10.5854,309,316,13.043799999999974
0.31,Momentum Monkey V2,-20580.523700000158,2812100.0,42524.5762,479,28600,21944.052499999845
0.31,Momentum Monkey V3,-20580.523700000158,2812100.0,42524.5762,479,28600,21944.052499999845
0.32,[Alternate] Trench Trader 1,-277.74425,21300.0,634.9317,0,213,357.18744999999996
0.32,[Alternate] Trench Trader 2,-82.084407,5900.0,175.8731,0,59,93.788693
0.32,[Alternate] Trench Trader 3,-13.429295,1100.0,32.789899999999996,0,11,19.360604999999996
0.32,[Alternate] Trench Trader 4,-2.0821769999999997,200.0,5.961799999999999,0,2,3.8796229999999996
0.32,[Alternate] Trench Trader 5,0.0,0.0,0.0,0,0,0.0
0.32,[Alternate] Momentum Monkey V1 1,-187.22519999999997,11000.0,327.899,6831,6941,140.67380000000003
0.32,[Alternate] Momentum Monkey V1 2,-8.759799999999998,800.0,23.847199999999997,29,37,15.087399999999999
0.32,[Alternate] Momentum Monkey V1 3,0.0,0.0,0.0,0,0,0.0
0.32,[Alternate] Momentum Monkey V1 4,0.0,0.0,0.0,0,0,0.0
0.32,[Alternate] Momentum Monkey V1 5,0.0,0.0,0.0,0,0,0.0
0.32,[Alternate] Momentum Monkey V2 1,-19460.873599999984,2472100.0,73690.8289,2682,27403,54229.95530000001
0.32,[Alternate] Momentum Monkey V2 2,-437.9014999999997,32400.0,965.8116,13512,13836,527.9101000000003
0.32,[Alternate] Momentum Monkey V2 3,-373.0892999999996,23600.0,703.4924,6194,6430,330.4031000000004
0.32,[Alternate] Momentum Monkey V2 4,-186.59140000000014,11200.0,333.8608,2006,2118,147.26939999999985
0.32,[Alternate] Momentum Monkey V2 5,-69.24560000000004,5600.0,166.9304,372,428,97.68479999999995
0.32,[Alternate] Momentum Monkey V3 1,-22658.63710000013,2911400.0,86785.92259999999,486,29600,64127.28549999986
0.32,[Alternate] Momentum Monkey V3 2,-19460.873599999984,2472100.0,73690.8289,2682,27403,54229.95530000001
0.32,[Alternate] Momentum Monkey V3 3,-437.9014999999997,32400.0,965.8116,13512,13836,527.9101000000003
0.32,[Alternate] Momentum Monkey V3 4,-437.9014999999997,32400.0,965.8116,13512,13836,527.9101000000003
0.32,[Alternate] Momentum Monkey V3 5,-437.9014999999997,32400.0,965.8116,13512,13836,527.9101000000003
0.32,Long Term Trader,-0.4786,100.0,2.9808999999999997,0,1,2.5022999999999995
0.32,Feel Trader,-2611.6790559999995,318900.0,9506.0901,0,3189,6894.411044
0.32,Trench Trader,-1553.428403999998,142200.0,4238.8398,0,1422,2685.411396000002
0.32,Momentum Monkey V1,-42.93720000000003,2800.0,83.4652,316,344,40.52799999999996
0.32,Momentum Monkey V2,-22658.63710000013,2911400.0,86785.92259999999,486,29600,64127.28549999986
0.32,Momentum Monkey V3,-22658.63710000013,2911400.0,86785.92259999999,486,29600,64127.28549999986
0.33,[Alternate] Trench Trader 1,-427.59948,26700.0,633.7512,0,267,206.15172
0.33,[Alternate] Trench Trader 2,-118.123302,7200.0,170.8992,0,72,52.77589800000001
0.33,[Alternate] Trench Trader 3,-22.486500000000003,1400.0,33.2304,0,14,10.7439
0.33,[Alternate] Trench Trader 4,-2.0821769999999997,200.0,4.7472,0,2,2.6650230000000006
0.33,[Alternate] Trench Trader 5,0.0,0.0,0.0,0,0,0.0
0.33,[Alternate] Momentum Monkey V1 1,-139.78919999999997,9000.0,213.624,7085,7175,73.83480000000003
0.33,[Alternate] Momentum Monkey V1 2,-11.707299999999998,900.0,21.3624,29,38,9.655100000000003
0.33,[Alternate] Momentum Monkey V1 3,0.0,0.0,0.0,0,0,0.0
0.33,[Alternate] Momentum Monkey V1 4,0.0,0.0,0.0,0,0,0.0
0.33,[Alternate] Momentum Monkey V1 5,0.0,0.0,0.0,0,0,0.0
0.33,[Alternate] Momentum Monkey V2 1,-22005.402799999974,2561200.0,60792.6432,2737,28349,38787.240400000024
0.33,[Alternate] Momentum Monkey V2 2,-144.09850000000034,21300.0,505.5768,14068,14281,361.47829999999965
0.33,[Alternate] Momentum Monkey V2 3,-239.61699999999985,18300.0,434.3688,6442,6625,194.75180000000017
0.33,[Alternate] Momentum Monkey V2 4,-217.44950000000028,12100.0,287.2056,2061,2182,69.75609999999972
0.33,[Alternate] Momentum Monkey V2 5,-84.27760000000005,6100.0,144.7896,379,440,60.51199999999996
0.33,[Alternate] Momentum Monkey V3 1,-25471.198300000135,3010100.0,71447.7336,493,30594,45976.53529999987
0.33,[Alternate] Momentum Monkey V3 2,-22005.402799999974,2561200.0,60792.6432,2737,28349,38787.240400000024
0.33,[Alternate] Momentum Monkey V3 3,-144.09850000000034,21300.0,505.5768,14068,14281,361.47829999999965
0.33,[Alternate] Momentum Monkey V3 4,-144.09850000000034,21300.0,505.5768,14068,14281,361.47829999999965
0.33,[Alternate] Momentum Monkey V3 5,-144.09850000000034,21300.0,505.5768,14068,14281,361.47829999999965
0.33,Long Term Trader,-0.4786,100.0,2.3736,0,1,1.895
0.33,Feel Trader,-3071.1477059999975,335000.0,7951.56,0,3350,4880.412294000003
0.33,Trench Trader,-2229.404264999998,166100.0,3942.5496,0,1661,1713.145335000002
0.33,Momentum Monkey V1,-52.44740000000003,3100.0,73.5816,320,351,21.134199999999964
0.33,Momentum Monkey V2,-25471.198300000135,3010100.0,71447.7336,493,30594,45976.53529999987
0.33,Momentum Monkey V3,-25471.198300000135,3010100.0,71447.7336,493,30594,45976.53529999987
0.34,[Alternate] Trench Trader 1,-444.01487199999997,27400.0,665.4363999999999,0,274,221.42152799999997
0.34,[Alternate] Trench Trader 2,-120.386603,7300.0,177.28779999999998,0,73,56.90119699999998
0.34,[Alternate] Trench Trader 3,-22.486500000000003,1400.0,34.0004,0,14,11.513899999999996
0.34,[Alternate] Trench Trader 4,-2.0821769999999997,200.0,4.8572,0,2,2.775023
0.34,[Alternate] Trench Trader 5,0.0,0.0,0.0,0,0,0.0
0.34,[Alternate] Momentum Monkey V1 1,-201.5748000000001,11400.0,276.86039999999997,7319,7433,75.28559999999987
0.34,[Alternate] Momentum Monkey V1 2,-11.707299999999998,900.0,21.8574,29,38,10.1501
0.34,[Alternate] Momentum Monkey V1 3,0.0,0.0,0.0,0,0,0.0
0.34,[Alternate] Momentum Monkey V1 4,0.0,0.0,0.0,0,0,0.0
0.34,[Alternate] Momentum Monkey V1 5,0.0,0.0,0.0,0,0,0.0
0.34,[Alternate] Momentum Monkey V2 1,-24182.35069999996,2650000.0,64357.899999999994,2797,29297,40175.549300000035
0.34,[Alternate] Momentum Monkey V2 2,-325.113600000001,28500.0,692.151,14536,14821,367.03739999999897
0.34,[Alternate] Momentum Monkey V2 3,-380.0867,23800.0,578.0068,6630,6868,197.9201
0.34,[Alternate] Momentum Monkey V2 4,-292.2681000000006,15000.0,364.28999999999996,2121,2271,72.02189999999939
0.34,[Alternate] Momentum Monkey V2 5,-88.21960000000004,6200.0,150.57319999999999,393,455,62.35359999999994
0.34,[Alternate] Momentum Monkey V3 1,-27873.81160000011,3108100.0,75483.31659999999,507,31588,47609.50499999988
0.34,[Alternate] Momentum Monkey V3 2,-24182.35069999996,2650000.0,64357.899999999994,2797,29297,40175.549300000035
0.34,[Alternate] Momentum Monkey V3 3,-325.113600000001,28500.0,692.151,14536,14821,367.03739999999897
0.34,[Alternate] Momentum Monkey V3 4,-325.113600000001,28500.0,692.151,14536,14821,367.03739999999897
0.34,[Alternate] Momentum Monkey V3 5,-325.113600000001,28500.0,692.151,14536,14821,367.03739999999897
0.34,Long Term Trader,-0.4786,100.0,2.4286,0,1,1.9499999999999997
0.34,Feel Trader,-3300.9412079999975,344400.0,8364.098399999999,0,3444,5063.1571920000015
0.34,Trench Trader,-2375.1893879999966,172200.0,4182.0491999999995,0,1722,1806.8598120000029
0.34,Momentum Monkey V1,-45.634200000000035,2800.0,68.0008,334,362,22.366599999999963
0.34,Momentum Monkey V2,-27873.81160000011,3108100.0,75483.31659999999,507,31588,47609.50499999988
0.34,Momentum Monkey V3,-27873.81160000011,3108100.0,75483.31659999999,507,31588,47609.50499999988
0.35,[Alternate] Trench Trader 1,-450.378502,27700.0,606.1314,0,277,155.75289799999996
0.35,[Alternate] Trench Trader 2,-120.386603,7300.0,159.7386,0,73,39.351997
0.35,[Alternate] Trench Trader 3,-22.486500000000003,1400.0,30.6348,0,14,8.148299999999995
0.35,[Alternate] Trench Trader 4,-2.0821769999999997,200.0,4.376399999999999,0,2,2.2942229999999997
0.35,[Alternate] Trench Trader 5,0.0,0.0,0.0,0,0,0.0
0.35,[Alternate] Momentum Monkey V1 1,-149.46329999999983,8800.0,192.5616,7577,7665,43.098300000000165
0.35,[Alternate] Momentum Monkey V1 2,-7.353899999999998,700.0,15.3174,31,38,7.963500000000002
0.35,[Alternate] Momentum Monkey V1 3,0.0,0.0,0.0,0,0,0.0
0.35,[Alternate] Momentum Monkey V1 4,0.0,0.0,0.0,0,0,0.0
0.35,[Alternate] Momentum Monkey V1 5,0.0,0.0,0.0,0,0,0.0
0.35,[Alternate] Momentum Monkey V2 1,-25871.117399999934,2727300.0,59678.7786,2898,30171,33807.66120000006
0.35,[Alternate] Momentum Monkey V2 2,-154.30470000000156,20200.0,442.0164,15065,15267,287.7116999999984
0.35,[Alternate] Momentum Monkey V2 3,-268.34040000000033,18300.0,400.44059999999996,6907,7090,132.10019999999963
0.35,[Alternate] Momentum Monkey V2 4,-214.12880000000035,11300.0,247.26659999999998,2222,2335,33.13779999999963
0.35,[Alternate] Momentum Monkey V2 5,-85.35150000000006,6100.0,133.4802,406,467,48.12869999999994
0.35,[Alternate] Momentum Monkey V3 1,-29943.15850000009,3203000.0,70088.046,520,32550,40144.88749999991
0.35,[Alternate] Momentum Monkey V3 2,-25871.117399999934,2727300.0,59678.7786,2898,30171,33807.66120000006
0.35,[Alternate] Momentum Monkey V3 3,-154.30470000000156,20200.0,442.0164,15065,15267,287.7116999999984
0.35,[Alternate] Momentum Monkey V3 4,-154.30470000000156,20200.0,442.0164,15065,15267,287.7116999999984
0.35,[Alternate] Momentum Monkey V3 5,-154.30470000000156,20200.0,442.0164,15065,15267,287.7116999999984
0.35,Long Term Trader,-0.4786,100.0,2.1881999999999997,0,1,1.7095999999999996
0.35,Feel Trader,-3523.929014999998,354600.0,7759.3571999999995,0,3546,4235.428185000002
0.35,Trench Trader,-2445.0586379999963,175400.0,3838.1027999999997,0,1754,1393.0441620000033
0.35,Momentum Monkey V1,-37.36160000000003,2400.0,52.516799999999996,348,372,15.155199999999965
0.35,Momentum Monkey V2,-29943.15850000009,3203000.0,70088.046,520,32550,40144.88749999991
0.35,Momentum Monkey V3,-29943.15850000009,3203000.0,70088.046,520,32550,40144.88749999991
0.36,[Alternate] Trench Trader 1,-455.20745200000005,27900.0,582.3566999999999,0,279,127.14924799999989
0.36,[Alternate] Trench Trader 2,-122.769505,7400.0,154.4602,0,74,31.69069499999999
0.36,[Alternate] Trench Trader 3,-22.486500000000003,1400.0,29.222199999999997,0,14,6.735699999999994
0.36,[Alternate] Trench Trader 4,-2.0821769999999997,200.0,4.1746,0,2,2.092423
0.36,[Alternate] Trench Trader 5,0.0,0.0,0.0,0,0,0.0
0.36,[Alternate] Momentum Monkey V1 1,-82.18289999999978,5600.0,116.88879999999999,7846,7902,34.70590000000021
0.36,[Alternate] Momentum Monkey V1 2,-4.260799999999997,500.0,10.436499999999999,35,40,6.175700000000002
0.36,[Alternate] Momentum Monkey V1 3,0.0,0.0,0.0,0,0,0.0
0.36,[Alternate] Momentum Monkey V1 4,0.0,0.0,0.0,0,0,0.0
0.36,[Alternate] Momentum Monkey V1 5,0.0,0.0,0.0,0,0,0.0
0.36,[Alternate] Momentum Monkey V2 1,-27611.0964999999,2806400.0,58577.987199999996,2996,31060,30966.890700000095
0.36,[Alternate] Momentum Monkey V2 2,20.98339999999857,11700.0,244.2141,15601,15718,265.19749999999857
0.36,[Alternate] Momentum Monkey V2 3,-106.85410000000023,10700.0,223.34109999999998,7188,7295,116.48699999999975
0.36,[Alternate] Momentum Monkey V2 4,-161.93140000000048,8800.0,183.6824,2320,2408,21.75099999999952
0.36,[Alternate] Momentum Monkey V2 5,-61.8125000000001,4900.0,102.2777,432,481,40.465199999999896
0.36,[Alternate] Momentum Monkey V3 1,-31998.328000000092,3296500.0,68807.84449999999,546,33511,36809.516499999896
0.36,[Alternate] Momentum Monkey V3 2,-27611.0964999999,2806400.0,58577.987199999996,2996,31060,30966.890700000095
0.36,[Alternate] Momentum Monkey V3 3,20.98339999999857,11700.0,244.2141,15601,15718,265.19749999999857
0.36,[Alternate] Momentum Monkey V3 4,20.98339999999857,11700.0,244.2141,15601,15718,265.19749999999857
0.36,[Alternate] Momentum Monkey V3 5,20.98339999999857,11700.0,244.2141,15601,15718,265.19749999999857
0.36,Long Term Trader,-0.4786,100.0,2.0873,0,1,1.6086999999999998
0.36,Feel Trader,-3726.286513999997,363700.0,7591.5100999999995,0,3637,3865.2235860000023
0.36,Trench Trader,-2557.288403999997,180300.0,3763.4019,0,1803,1206.1134960000027
0.36,Momentum Monkey V1,-29.368200000000048,1900.0,39.658699999999996,366,385,10.290499999999948
0.36,Momentum Monkey V2,-31998.328000000092,3296500.0,68807.84449999999,546,33511,36809.516499999896
0.36,Momentum Monkey V3,-31998.328000000092,3296500.0,68807.84449999999,546,33511,36809.516499999896
0.37,[Alternate] Trench Trader 1,-459.00201200000004,28100.0,539.6043000000001,0,281,80.60228800000004
0.37,[Alternate] Trench Trader 2,-122.769505,7400.0,142.1022,0,74,19.332695000000015
0.37,[Alternate] Trench Trader 3,-22.486500000000003,1400.0,26.884200000000003,0,14,4.3977
0.37,[Alternate] Trench Trader 4,-2.0821769999999997,200.0,3.8406000000000002,0,2,1.7584230000000005
0.37,[Alternate] Trench Trader 5,0.0,0.0,0.0,0,0,0.0
0.37,[Alternate] Momentum Monkey V1 1,-38.92969999999979,3300.0,63.3699,8107,8140,24.44020000000021
0.37,[Alternate] Momentum Monkey V1 2,-10.104899999999999,800.0,15.362400000000001,35,43,5.257500000000002
0.37,[Alternate] Momentum Monkey V1 3,0.0,0.0,0.0,0,0,0.0
0.37,[Alternate] Momentum Monkey V1 4,0.0,0.0,0.0,0,0,0.0
0.37,[Alternate] Momentum Monkey V1 5,0.0,0.0,0.0,0,0,0.0
0.37,[Alternate] Momentum Monkey V2 1,-29206.028899999914,2886300.0,55425.6189,3085,31948,26219.590000000087
0.37,[Alternate] Momentum Monkey V2 2,-16.010500000001457,13400.0,257.3202,16045,16179,241.30969999999854
0.37,[Alternate] Momentum Monkey V2 3,-40.40800000000028,7100.0,136.34130000000002,7456,7527,95.93329999999975
0.37,[Alternate] Momentum Monkey V2 4,-142.60350000000034,7700.0,147.8631,2409,2486,5.259599999999665
0.37,[Alternate] Momentum Monkey V2 5,-69.7534000000001,5300.0,101.77590000000001,442,495,32.02249999999991
0.37,[Alternate] Momentum Monkey V3 1,-33906.91040000016,3392200.0,65140.416600000004,556,34478,31233.506199999843
0.37,[Alternate] Momentum Monkey V3 2,-29206.028899999914,2886300.0,55425.6189,3085,31948,26219.590000000087
0.37,[Alternate] Momentum Monkey V3 3,-16.010500000001457,13400.0,257.3202,16045,16179,241.30969999999854
0.37,[Alternate] Momentum Monkey V3 4,-16.010500000001457,13400.0,257.3202,16045,16179,241.30969999999854
0.37,[Alternate] Momentum Monkey V3 5,-16.010500000001457,13400.0,257.3202,16045,16179,241.30969999999854
0.37,Long Term Trader,-0.4786,100.0,1.9203000000000001,0,1,1.4417
0.37,Feel Trader,-3923.9618969999965,373600.0,7174.2408000000005,0,3736,3250.278903000004
0.37,Trench Trader,-2607.896015999996,182900.0,3512.2287,0,1829,904.3326840000041
0.37,Momentum Monkey V1,-38.94020000000005,2400.0,46.0872,375,399,7.146999999999956
0.37,Momentum Monkey V2,-33906.91040000016,3392200.0,65140.416600000004,556,34478,31233.506199999843
0.37,Momentum Monkey V3,-33906.91040000016,3392200.0,65140.416600000004,556,34478,31233.506199999843
0.38,[Alternate] Trench Trader 1,-459.00201200000004,28100.0,559.6396,0,281,100.63758799999994
0.38,[Alternate] Trench Trader 2,-122.769505,7400.0,147.3784,0,74,24.608895000000004
0.38,[Alternate] Trench Trader 3,-22.486500000000003,1400.0,27.8824,0,14,5.3958999999999975
0.38,[Alternate] Trench Trader 4,-2.0821769999999997,200.0,3.9832,0,2,1.9010230000000004
0.38,[Alternate] Trench Trader 5,0.0,0.0,0.0,0,0,0.0
0.38,[Alternate] Momentum Monkey V1 1,-19.53889999999983,2500.0,49.79,8350,8375,30.251100000000168
0.38,[Alternate] Momentum Monkey V1 2,-12.204099999999999,900.0,17.9244,35,44,5.7203
0.38,[Alternate] Momentum Monkey V1 3,0.0,0.0,0.0,0,0,0.0
0.38,[Alternate] Momentum Monkey V1 4,0.0,0.0,0.0,0,0,0.0
0.38,[Alternate] Momentum Monkey V1 5,0.0,0.0,0.0,0,0,0.0
0.38,[Alternate] Momentum Monkey V2 1,-30906.349999999944,2967700.0,59104.7132,3166,32843,28198.363200000054
0.38,[Alternate] Momentum Monkey V2 2,23.927599999998495,11600.0,231.0256,16542,16658,254.9531999999985
0.38,[Alternate] Momentum Monkey V2 3,-40.05910000000033,7300.0,145.3868,7687,7760,105.32769999999967
0.38,[Alternate] Momentum Monkey V2 4,-89.68520000000024,5300.0,105.5548,2490,2543,15.869599999999764
0.38,[Alternate] Momentum Monkey V2 5,-48.09990000000008,4300.0,85.6388,456,499,37.53889999999992
0.38,[Alternate] Momentum Monkey V3 1,-35891.69510000017,3487000.0,69447.092,570,35440,33555.39689999983
0.38,[Alternate] Momentum Monkey V3 2,-30906.349999999944,2967700.0,59104.7132,3166,32843,28198.363200000054
0.38,[Alternate] Momentum Monkey V3 3,23.927599999998495,11600.0,231.0256,16542,16658,254.9531999999985
0.38,[Alternate] Momentum Monkey V3 4,23.927599999998495,11600.0,231.0256,16542,16658,254.9531999999985
0.38,[Alternate] Momentum Monkey V3 5,23.927599999998495,11600.0,231.0256,16542,16658,254.9531999999985
0.38,Long Term Trader,-0.4786,100.0,1.9916,0,1,1.513
0.38,Feel Trader,-4125.929757999994,383200.0,7631.8112,0,3832,3505.8814420000062
0.38,Trench Trader,-2637.7081829999966,184300.0,3670.5188,0,1843,1032.8106170000033
0.38,Momentum Monkey V1,-28.200400000000055,1900.0,37.8404,388,407,9.639999999999947
0.38,Momentum Monkey V2,-35891.69510000017,3487000.0,69447.092,570,35440,33555.39689999983
0.38,Momentum Monkey V3,-35891.69510000017,3487000.0,69447.092,570,35440,33555.39689999983
0.39,[Alternate] Trench Trader 1,-462.645162,28300.0,517.89,0,283,55.24483799999996
0.39,[Alternate] Trench Trader 2,-122.769505,7400.0,135.42000000000002,0,74,12.65049500000002
0.39,[Alternate] Trench Trader 3,-22.486500000000003,1400.0,25.62,0,14,3.133499999999998
0.39,[Alternate] Trench Trader 4,-2.0821769999999997,200.0,3.66,0,2,1.5778230000000004
0.39,[Alternate] Trench Trader 5,0.0,0.0,0.0,0,0,0.0
0.39,[Alternate] Momentum Monkey V1 1,-2.6388999999998277,1600.0,29.28,8575,8591,26.641100000000172
0.39,[Alternate] Momentum Monkey V1 2,-12.204099999999999,900.0,16.47,35,44,4.2659
0.39,[Alternate] Momentum Monkey V1 3,0.0,0.0,0.0,0,0,0.0
0.39,[Alternate] Momentum Monkey V1 4,0.0,0.0,0.0,0,0,0.0
0.39,[Alternate] Momentum Monkey V1 5,0.0,0.0,0.0,0,0,0.0
0.39,[Alternate] Momentum Monkey V2 1,-32482.298199999976,3050700.0,55827.81,3237,33744,23345.511800000022
0.39,[Alternate] Momentum Monkey V2 2,-23.551000000001512,14100.0,258.03000000000003,16978,17119,234.4789999999985
0.39,[Alternate] Momentum Monkey V2 3,-35.23070000000034,7000.0,128.1,7912,7982,92.86929999999965
0.39,[Alternate] Momentum Monkey V2 4,-76.61400000000017,4600.0,84.18,2561,2607,7.565999999999832
0.39,[Alternate] Momentum Monkey V2 5,-46.23680000000008,4200.0,76.86,461,503,30.62319999999992
0.39,[Alternate] Momentum Monkey V3 1,-37719.33350000021,3583200.0,65572.56,575,36407,27853.226499999786
0.39,[Alternate] Momentum Monkey V3 2,-32482.298199999976,3050700.0,55827.81,3237,33744,23345.511800000022
0.39,[Alternate] Momentum Monkey V3 3,-23.551000000001512,14100.0,258.03000000000003,16978,17119,234.4789999999985
0.39,[Alternate] Momentum Monkey V3 4,-23.551000000001512,14100.0,258.03000000000003,16978,17119,234.4789999999985
0.39,[Alternate] Momentum Monkey V3 5,-23.551000000001512,14100.0,258.03000000000003,16978,17119,234.4789999999985
0.39,Long Term Trader,-0.4786,100.0,1.83,0,1,1.3514
0.39,Feel Trader,-4314.191311999992,393100.0,7193.7300000000005,0,3931,2879.5386880000087
0.39,Trench Trader,-2661.8226029999964,185600.0,3396.48,0,1856,734.6573970000036
0.39,Momentum Monkey V1,-22.449600000000054,1600.0,29.28,394,410,6.830399999999948
0.39,Momentum Monkey V2,-37719.33350000021,3583200.0,65572.56,575,36407,27853.226499999786
0.39,Momentum Monkey V3,-37719.33350000021,3583200.0,65572.56,575,36407,27853.226499999786
0.4,[Alternate] Trench Trader 1,-466.46726,28500.0,531.4680000000001,0,285,65.00074000000006
0.4,[Alternate] Trench Trader 2,-122.769505,7400.0,137.9952,0,74,15.225695000000016
0.4,[Alternate] Trench Trader 3,-22.486500000000003,1400.0,26.107200000000002,0,14,3.6206999999999994
0.4,[Alternate] Trench Trader 4,-2.0821769999999997,200.0,3.7296000000000005,0,2,1.6474230000000007
0.4,[Alternate] Trench Trader 5,0.0,0.0,0.0,0,0,0.0
0.4,[Alternate] Momentum Monkey V1 1,-25.37009999999986,2700.0,50.3496,8806,8833,24.979500000000144
0.4,[Alternate] Momentum Monkey V1 2,-10.387899999999998,800.0,14.918400000000002,36,44,4.5305000000000035
0.4,[Alternate] Momentum Monkey V1 3,0.0,0.0,0.0,0,0,0.0
0.4,[Alternate] Momentum Monkey V1 4,0.0,0.0,0.0,0,0,0.0
0.4,[Alternate] Momentum Monkey V1 5,0.0,0.0,0.0,0,0,0.0
0.4,[Alternate] Momentum Monkey V2 1,-33973.17930000001,3129800.0,58364.51040000001,3335,34633,24391.331099999996
0.4,[Alternate] Momentum Monkey V2 2,-55.82390000000157,15500.0,289.04400000000004,17436,17591,233.22009999999847
0.4,[Alternate] Momentum Monkey V2 3,-81.95970000000041,9200.0,171.5616,8120,8212,89.60189999999959
0.4,[Alternate] Momentum Monkey V2 4,-25.684600000000177,1700.0,31.701600000000003,2654,2671,6.016999999999825
0.4,[Alternate] Momentum Monkey V2 5,-41.46820000000008,3900.0,72.72720000000001,474,513,31.25899999999993
0.4,[Alternate] Momentum Monkey V3 1,-39524.53700000027,3679300.0,68611.5864,588,37381,29087.049399999727
0.4,[Alternate] Momentum Monkey V3 2,-33973.17930000001,3129800.0,58364.51040000001,3335,34633,24391.331099999996
0.4,[Alternate] Momentum Monkey V3 3,-55.82390000000157,15500.0,289.04400000000004,17436,17591,233.22009999999847
0.4,[Alternate] Momentum Monkey V3 4,-55.82390000000157,15500.0,289.04400000000004,17436,17591,233.22009999999847
0.4,[Alternate] Momentum Monkey V3 5,-55.82390000000157,15500.0,289.04400000000004,17436,17591,233.22009999999847
0.4,Long Term Trader,-0.4786,100.0,1.8648000000000002,0,1,1.3862
0.4,Feel Trader,-4489.911805999988,402400.0,7503.9552,0,4024,3014.043394000012
0.4,Trench Trader,-2710.6953389999962,188100.0,3507.6888000000004,0,1881,796.9934610000041
0.4,Momentum Monkey V1,-23.666800000000052,1600.0,29.836800000000004,402,418,6.169999999999952
0.4,Momentum Monkey V2,-39524.53700000027,3679300.0,68611.5864,588,37381,29087.049399999727
0.4,Momentum Monkey V3,-39524.53700000027,3679300.0,68611.5864,588,37381,29087.049399999727
0.41,[Alternate] Trench Trader 1,-468.34886,28600.0,538.6238,0,286,70.27493999999996
0.41,[Alternate] Trench Trader 2,-122.769505,7400.0,139.36419999999998,0,74,16.594694999999987
0.41,[Alternate] Trench Trader 3,-22.486500000000003,1400.0,26.3662,0,14,3.879699999999996
0.41,[Alternate] Trench Trader 4,-2.0821769999999997,200.0,3.7666,0,2,1.6844230000000002
0.41,[Alternate] Trench Trader 5,0.0,0.0,0.0,0,0,0.0
0.41,[Alternate] Momentum Monkey V1 1,-17.95739999999985,2300.0,43.3159,9062,9085,25.35850000000015
0.41,[Alternate] Momentum Monkey V1 2,-14.4641,1000.0,18.833,39,49,4.368899999999998
0.41,[Alternate] Momentum Monkey V1 3,0.0,0.0,0.0,0,0,0.0
0.41,[Alternate] Momentum Monkey V1 4,0.0,0.0,0.0,0,0,0.0
0.41,[Alternate] Momentum Monkey V1 5,0.0,0.0,0.0,0,0,0.0
0.41,[Alternate] Momentum Monkey V2 1,-35445.09870000001,3206400.0,60386.131199999996,3446,35510,24941.032499999987
0.41,[Alternate] Momentum Monkey V2 2,-31.77340000000166,14200.0,267.42859999999996,17922,18064,235.6551999999983
0.41,[Alternate] Momentum Monkey V2 3,-65.47380000000047,8300.0,156.3139,8367,8450,90.84009999999952
0.41,[Alternate] Momentum Monkey V2 4,-58.64720000000017,3400.0,64.0322,2738,2772,5.384999999999835
0.41,[Alternate] Momentum Monkey V2 5,-54.06380000000012,4500.0,84.74849999999999,508,553,30.68469999999987
0.41,[Alternate] Momentum Monkey V3 1,-41294.66760000028,3771300.0,71024.89289999999,622,38335,29730.225299999714
0.41,[Alternate] Momentum Monkey V3 2,-35445.09870000001,3206400.0,60386.131199999996,3446,35510,24941.032499999987
0.41,[Alternate] Momentum Monkey V3 3,-31.77340000000166,14200.0,267.42859999999996,17922,18064,235.6551999999983
0.41,[Alternate] Momentum Monkey V3 4,-31.77340000000166,14200.0,267.42859999999996,17922,18064,235.6551999999983
0.41,[Alternate] Momentum Monkey V3 5,-31.77340000000166,14200.0,267.42859999999996,17922,18064,235.6551999999983
0.41,Long Term Trader,-0.4786,100.0,1.8833,0,1,1.4047
0.41,Feel Trader,-4667.291347999988,411600.0,7751.6628,0,4116,3084.371452000012
0.41,Trench Trader,-2722.1426099999962,188700.0,3553.7871,0,1887,831.6444900000038
0.41,Momentum Monkey V1,-35.66560000000004,2200.0,41.4326,425,447,5.76699999999996
0.41,Momentum Monkey V2,-41294.66760000028,3771300.0,71024.89289999999,622,38335,29730.225299999714
0.41,Momentum Monkey V3,-41294.66760000028,3771300.0,71024.89289999999,622,38335,29730.225299999714
0.42,[Alternate] Trench Trader 1,-476.43680000000006,29000.0,537.0799999999999,0,290,60.643199999999865
0.42,[Alternate] Trench Trader 2,-126.863584,7600.0,140.75199999999998,0,76,13.888415999999978
0.42,[Alternate] Trench Trader 3,-22.486500000000003,1400.0,25.927999999999997,0,14,3.4414999999999942
0.42,[Alternate] Trench Trader 4,-2.0821769999999997,200.0,3.7039999999999997,0,2,1.621823
0.42,[Alternate] Trench Trader 5,0.0,0.0,0.0,0,0,0.0
0.42,[Alternate] Momentum Monkey V1 1,-51.863999999999976,3800.0,70.37599999999999,9296,9334,18.512000000000015
0.42,[Alternate] Momentum Monkey V1 2,-10.5155,800.0,14.815999999999999,42,50,4.3004999999999995
0.42,[Alternate] Momentum Monkey V1 3,0.0,0.0,0.0,0,0,0.0
0.42,[Alternate] Momentum Monkey V1 4,0.0,0.0,0.0,0,0,0.0
0.42,[Alternate] Momentum Monkey V1 5,0.0,0.0,0.0,0,0,0.0
0.42,[Alternate] Momentum Monkey V2 1,-37017.95690000006,3285200.0,60841.903999999995,3539,36391,23823.947099999932
0.42,[Alternate] Momentum Monkey V2 2,-99.26180000000176,16800.0,311.13599999999997,18396,18564,211.8741999999982
0.42,[Alternate] Momentum Monkey V2 3,-110.47900000000045,10100.0,187.052,8622,8723,76.57299999999954
0.42,[Alternate] Momentum Monkey V2 4,-86.76420000000009,4700.0,87.044,2831,2878,0.27979999999990923
0.42,[Alternate] Momentum Monkey V2 5,-62.3339000000001,4900.0,90.74799999999999,527,576,28.41409999999989
0.42,[Alternate] Momentum Monkey V3 1,-43166.98700000038,3864900.0,71577.94799999999,641,39290,28410.96099999961
0.42,[Alternate] Momentum Monkey V3 2,-37017.95690000006,3285200.0,60841.903999999995,3539,36391,23823.947099999932
0.42,[Alternate] Momentum Monkey V3 3,-99.26180000000176,16800.0,311.13599999999997,18396,18564,211.8741999999982
0.42,[Alternate] Momentum Monkey V3 4,-99.26180000000176,16800.0,311.13599999999997,18396,18564,211.8741999999982
0.42,[Alternate] Momentum Monkey V3 5,-99.26180000000176,16800.0,311.13599999999997,18396,18564,211.8741999999982
0.42,Long Term Trader,-0.4786,100.0,1.8519999999999999,0,1,1.3733999999999997
0.42,Feel Trader,-4858.808225999987,421200.0,7800.623999999999,0,4212,2941.8157740000115
0.42,Trench Trader,-2783.4380639999968,191700.0,3550.2839999999997,0,1917,766.8459360000029
0.42,Momentum Monkey V1,-39.584200000000024,2400.0,44.44799999999999,437,461,4.863799999999969
0.42,Momentum Monkey V2,-43166.98700000038,3864900.0,71577.94799999999,641,39290,28410.96099999961
0.42,Momentum Monkey V3,-43166.98700000038,3864900.0,71577.94799999999,641,39290,28410.96099999961
0.43,[Alternate] Trench Trader 1,-476.43680000000006,29000.0,534.528,0,290,58.09119999999996
0.43,[Alternate] Trench Trader 2,-126.863584,7600.0,140.0832,0,76,13.219616000000002
0.43,[Alternate] Trench Trader 3,-22.486500000000003,1400.0,25.8048,0,14,3.318299999999997
0.43,[Alternate] Trench Trader 4,-2.0821769999999997,200.0,3.6864,0,2,1.6042230000000002
0.43,[Alternate] Trench Trader 5,0.0,0.0,0.0,0,0,0.0
0.43,[Alternate] Momentum Monkey V1 1,-60.55879999999989,4200.0,77.4144,9537,9579,16.85560000000011
0.43,[Alternate] Momentum Monkey V1 2,-6.693999999999999,600.0,11.0592,44,50,4.3652000000000015
0.43,[Alternate] Momentum Monkey V1 3,0.0,0.0,0.0,0,0,0.0
0.43,[Alternate] Momentum Monkey V1 4,0.0,0.0,0.0,0,0,0.0
0.43,[Alternate] Momentum Monkey V1 5,0.0,0.0,0.0,0,0,0.0
0.43,[Alternate] Momentum Monkey V2 1,-38538.883500000135,3364800.0,62019.9936,3621,37269,23481.110099999867
0.43,[Alternate] Momentum Monkey V2 2,-66.95900000000154,15000.0,276.48,18885,19035,209.52099999999848
0.43,[Alternate] Momentum Monkey V2 3,-118.29200000000021,10400.0,191.6928,8867,8971,73.40079999999979
0.43,[Alternate] Momentum Monkey V2 4,-89.79540000000004,4800.0,88.4736,2913,2961,-1.3218000000000387
0.43,[Alternate] Momentum Monkey V2 5,-52.914500000000096,4400.0,81.1008,541,585,28.18629999999991
0.43,[Alternate] Momentum Monkey V3 1,-44946.59540000046,3958100.0,72955.6992,655,40236,28009.103799999546
0.43,[Alternate] Momentum Monkey V3 2,-38538.883500000135,3364800.0,62019.9936,3621,37269,23481.110099999867
0.43,[Alternate] Momentum Monkey V3 3,-66.95900000000154,15000.0,276.48,18885,19035,209.52099999999848
0.43,[Alternate] Momentum Monkey V3 4,-66.95900000000154,15000.0,276.48,18885,19035,209.52099999999848
0.43,[Alternate] Momentum Monkey V3 5,-66.95900000000154,15000.0,276.48,18885,19035,209.52099999999848
0.43,Long Term Trader,-0.4786,100.0,1.8432,0,1,1.3645999999999998
0.43,Feel Trader,-5038.18342599999,430600.0,7936.8192,0,4306,2898.6357740000103
0.43,Trench Trader,-2787.134921999997,191900.0,3537.1008,0,1919,749.9658780000032
0.43,Momentum Monkey V1,-22.509700000000034,1500.0,27.648,452,467,5.1382999999999655
0.43,Momentum Monkey V2,-44946.59540000046,3958100.0,72955.6992,655,40236,28009.103799999546
0.43,Momentum Monkey V3,-44946.59540000046,3958100.0,72955.6992,655,40236,28009.103799999546
0.44,[Alternate] Trench Trader 1,-476.43680000000006,29000.0,549.985,0,290,73.54819999999995
0.44,[Alternate] Trench Trader 2,-126.863584,7600.0,144.134,0,76,17.270415999999983
0.44,[Alternate] Trench Trader 3,-22.486500000000003,1400.0,26.551,0,14,4.064499999999995
0.44,[Alternate] Trench Trader 4,-2.0821769999999997,200.0,3.7929999999999997,0,2,1.710823
0.44,[Alternate] Trench Trader 5,0.0,0.0,0.0,0,0,0.0
0.44,[Alternate] Momentum Monkey V1 1,-26.969699999999875,2300.0,43.619499999999995,9785,9808,16.64980000000012
0.44,[Alternate] Momentum Monkey V1 2,-6.693999999999999,600.0,11.379,44,50,4.6850000000000005
0.44,[Alternate] Momentum Monkey V1 3,0.0,0.0,0.0,0,0,0.0
0.44,[Alternate] Momentum Monkey V1 4,0.0,0.0,0.0,0,0,0.0
0.44,[Alternate] Momentum Monkey V1 5,0.0,0.0,0.0,0,0,0.0
0.44,[Alternate] Momentum Monkey V2 1,-39999.36930000018,3444400.0,65323.045999999995,3706,38150,25323.676699999814
0.44,[Alternate] Momentum Monkey V2 2,-36.65040000000148,13200.0,250.338,19346,19478,213.6875999999985
0.44,[Alternate] Momentum Monkey V2 3,-56.343900000000204,6900.0,130.8585,9125,9194,74.51459999999979
0.44,[Alternate] Momentum Monkey V2 4,-72.40480000000002,3800.0,72.067,2998,3036,-0.33780000000002985
0.44,[Alternate] Momentum Monkey V2 5,-55.02860000000008,4500.0,85.3425,554,599,30.31389999999992
0.44,[Alternate] Momentum Monkey V3 1,-46670.919400000574,4052100.0,76848.0765,668,41189,30177.157099999422
0.44,[Alternate] Momentum Monkey V3 2,-39999.36930000018,3444400.0,65323.045999999995,3706,38150,25323.676699999814
0.44,[Alternate] Momentum Monkey V3 3,-36.65040000000148,13200.0,250.338,19346,19478,213.6875999999985
0.44,[Alternate] Momentum Monkey V3 4,-36.65040000000148,13200.0,250.338,19346,19478,213.6875999999985
0.44,[Alternate] Momentum Monkey V3 5,-36.65040000000148,13200.0,250.338,19346,19478,213.6875999999985
0.44,Long Term Trader,-0.4786,100.0,1.8964999999999999,0,1,1.4179
0.44,Feel Trader,-5197.744325999992,439300.0,8331.324499999999,0,4393,3133.580174000007
0.44,Trench Trader,-2794.513490999997,192300.0,3646.9694999999997,0,1923,852.4560090000027
0.44,Momentum Monkey V1,-39.22060000000003,2400.0,45.516,455,479,6.295399999999965
0.44,Momentum Monkey V2,-46670.919400000574,4052100.0,76848.0765,668,41189,30177.157099999422
0.44,Momentum Monkey V3,-46670.919400000574,4052100.0,76848.0765,668,41189,30177.157099999422
0.45,[Alternate] Trench Trader 1,-476.43680000000006,29000.0,549.492,0,290,73.0551999999999
0.45,[Alternate] Trench Trader 2,-126.863584,7600.0,144.0048,0,76,17.141215999999986
0.45,[Alternate] Trench Trader 3,-22.486500000000003,1400.0,26.5272,0,14,4.0406999999999975
0.45,[Alternate] Trench Trader 4,-2.0821769999999997,200.0,3.7896,0,2,1.7074230000000004
0.45,[Alternate] Trench Trader 5,0.0,0.0,0.0,0,0,0.0
0.45,[Alternate] Momentum Monkey V1 1,-48.53209999999987,3400.0,64.4232,10023,10057,15.891100000000122
0.45,[Alternate] Momentum Monkey V1 2,-22.4151,1400.0,26.5272,45,59,4.112100000000002
0.45,[Alternate] Momentum Monkey V1 3,-1.9849999999999999,100.0,1.8948,0,1,-0.09019999999999984
0.45,[Alternate] Momentum Monkey V1 4,0.0,0.0,0.0,0,0,0.0
0.45,[Alternate] Momentum Monkey V1 5,0.0,0.0,0.0,0,0,0.0
0.45,[Alternate] Momentum Monkey V2 1,-41485.09350000011,3522500.0,66744.33,3803,39028,25259.23649999989
0.45,[Alternate] Momentum Monkey V2 2,-173.73720000000145,20300.0,384.6444,19798,20001,210.90719999999857
0.45,[Alternate] Momentum Monkey V2 3,-130.4366000000001,10700.0,202.7436,9352,9459,72.30699999999987
0.45,[Alternate] Momentum Monkey V2 4,-55.331999999999994,2900.0,54.9492,3095,3124,-0.38279999999999603
0.45,[Alternate] Momentum Monkey V2 5,-51.84520000000008,4300.0,81.4764,578,621,29.63119999999992
0.45,[Alternate] Momentum Monkey V3 1,-48435.75500000054,4144800.0,78535.6704,692,42140,30099.91539999946
0.45,[Alternate] Momentum Monkey V3 2,-41485.09350000011,3522500.0,66744.33,3803,39028,25259.23649999989
0.45,[Alternate] Momentum Monkey V3 3,-173.73720000000145,20300.0,384.6444,19798,20001,210.90719999999857
0.45,[Alternate] Momentum Monkey V3 4,-173.73720000000145,20300.0,384.6444,19798,20001,210.90719999999857
0.45,[Alternate] Momentum Monkey V3 5,-173.73720000000145,20300.0,384.6444,19798,20001,210.90719999999857
0.45,Long Term Trader,-0.4786,100.0,1.8948,0,1,1.4162
0.45,Feel Trader,-5384.7654259999945,449100.0,8509.5468,0,4491,3124.7813740000056
0.45,Trench Trader,-2800.2578669999966,192600.0,3649.3848,0,1926,849.1269330000032
0.45,Momentum Monkey V1,-41.72030000000001,2500.0,47.37,478,503,5.649699999999989
0.45,Momentum Monkey V2,-48435.75500000054,4144800.0,78535.6704,692,42140,30099.91539999946
0.45,Momentum Monkey V3,-48435.75500000054,4144800.0,78535.6704,692,42140,30099.91539999946
0.46,[Alternate] Trench Trader 1,-476.43680000000006,29000.0,529.366,0,290,52.92919999999992
0.46,[Alternate] Trench Trader 2,-126.863584,7600.0,138.7304,0,76,11.866816
0.46,[Alternate] Trench Trader 3,-22.486500000000003,1400.0,25.5556,0,14,3.0690999999999953
0.46,[Alternate] Trench Trader 4,-2.0821769999999997,200.0,3.6508,0,2,1.568623
0.46,[Alternate] Trench Trader 5,0.0,0.0,0.0,0,0,0.0
0.46,[Alternate] Momentum Monkey V1 1,-64.96199999999988,4400.0,80.3176,10254,10298,15.355600000000123
0.46,[Alternate] Momentum Monkey V1 2,-18.605999999999998,1200.0,21.904799999999998,47,59,3.2988
0.46,[Alternate] Momentum Monkey V1 3,-1.9849999999999999,100.0,1.8254,0,1,-0.15959999999999996
0.46,[Alternate] Momentum Monkey V1 4,0.0,0.0,0.0,0,0,0.0
0.46,[Alternate] Momentum Monkey V1 5,0.0,0.0,0.0,0,0,0.0
0.46,[Alternate] Momentum Monkey V2 1,-43058.98130000007,3607400.0,65849.47959999999,3871,39945,22790.49829999992
0.46,[Alternate] Momentum Monkey V2 2,-149.53800000000118,19200.0,350.47679999999997,20296,20488,200.9387999999988
0.46,[Alternate] Momentum Monkey V2 3,-130.4921,10900.0,198.96859999999998,9576,9685,68.47649999999999
0.46,[Alternate] Momentum Monkey V2 4,-101.16029999999999,5500.0,100.39699999999999,3138,3193,-0.763300000000001
0.46,[Alternate] Momentum Monkey V2 5,-65.91590000000008,5100.0,93.0954,586,637,27.17949999999992
0.46,[Alternate] Momentum Monkey V3 1,-50234.00260000055,4241700.0,77427.9918,700,43117,27193.98919999945
0.46,[Alternate] Momentum Monkey V3 2,-43058.98130000007,3607400.0,65849.47959999999,3871,39945,22790.49829999992
0.46,[Alternate] Momentum Monkey V3 3,-149.53800000000118,19200.0,350.47679999999997,20296,20488,200.9387999999988
0.46,[Alternate] Momentum Monkey V3 4,-149.53800000000118,19200.0,350.47679999999997,20296,20488,200.9387999999988
0.46,[Alternate] Momentum Monkey V3 5,-149.53800000000118,19200.0,350.47679999999997,20296,20488,200.9387999999988
0.46,Long Term Trader,-0.4786,100.0,1.8254,0,1,1.3468
0.46,Feel Trader,-5546.368725999994,457800.0,8356.681199999999,0,4578,2810.312474000005
0.46,Trench Trader,-2805.6377249999964,192900.0,3521.1965999999998,0,1929,715.5588750000034
0.46,Momentum Monkey V1,-39.205,2400.0,43.809599999999996,492,516,4.604599999999998
0.46,Momentum Monkey V2,-50234.00260000055,4241700.0,77427.9918,700,43117,27193.98919999945
0.46,Momentum Monkey V3,-50234.00260000055,4241700.0,77427.9918,700,43117,27193.98919999945
0.47,[Alternate] Trench Trader 1,-476.43680000000006,29000.0,541.575,0,290,65.13819999999998
0.47,[Alternate] Trench Trader 2,-126.863584,7600.0,141.93,0,76,15.066416000000004
0.47,[Alternate] Trench Trader 3,-22.486500000000003,1400.0,26.145,0,14,3.6584999999999965
0.47,[Alternate] Trench Trader 4,-2.0821769999999997,200.0,3.7350000000000003,0,2,1.6528230000000006
0.47,[Alternate] Trench Trader 5,0.0,0.0,0.0,0,0,0.0
0.47,[Alternate] Momentum Monkey V1 1,-124.49119999999978,7500.0,140.0625,10476,10551,15.571300000000221
0.47,[Alternate] Momentum Monkey V1 2,-20.467499999999998,1300.0,24.2775,47,60,3.8100000000000023
0.47,[Alternate] Momentum Monkey V1 3,-1.9849999999999999,100.0,1.8675000000000002,0,1,-0.11749999999999972
0.47,[Alternate] Momentum Monkey V1 4,0.0,0.0,0.0,0,0,0.0
0.47,[Alternate] Momentum Monkey V1 5,0.0,0.0,0.0,0,0,0.0
0.47,[Alternate] Momentum Monkey V2 1,-44669.95010000004,3693800.0,68981.715,3927,40865,24311.76489999996
0.47,[Alternate] Momentum Monkey V2 2,-310.48340000000144,27600.0,515.4300000000001,20742,21018,204.94659999999863
0.47,[Alternate] Momentum Monkey V2 3,-223.85230000000016,15700.0,293.1975,9809,9966,69.34519999999983
0.47,[Alternate] Momentum Monkey V2 4,-208.9290000000002,11200.0,209.16,3194,3306,0.2309999999997956
0.47,[Alternate] Momentum Monkey V2 5,-103.70250000000011,7100.0,132.5925,592,663,28.889999999999887
0.47,[Alternate] Momentum Monkey V3 1,-52030.01660000054,4338100.0,81014.0175,706,44087,28984.00089999946
0.47,[Alternate] Momentum Monkey V3 2,-44669.95010000004,3693800.0,68981.715,3927,40865,24311.76489999996
0.47,[Alternate] Momentum Monkey V3 3,-310.48340000000144,27600.0,515.4300000000001,20742,21018,204.94659999999863
0.47,[Alternate] Momentum Monkey V3 4,-310.48340000000144,27600.0,515.4300000000001,20742,21018,204.94659999999863
0.47,[Alternate] Momentum Monkey V3 5,-310.48340000000144,27600.0,515.4300000000001,20742,21018,204.94659999999863
0.47,Long Term Trader,-0.4786,100.0,1.8675000000000002,0,1,1.3889
0.47,Feel Trader,-5712.479625999994,466700.0,8715.6225,0,4667,3003.1428740000056
0.47,Trench Trader,-2811.2074649999963,193200.0,3608.01,0,1932,796.8025350000039
0.47,Momentum Monkey V1,-63.610200000000006,3700.0,69.0975,498,535,5.4872999999999905
0.47,Momentum Monkey V2,-52030.01660000054,4338100.0,81014.0175,706,44087,28984.00089999946
0.47,Momentum Monkey V3,-52030.01660000054,4338100.0,81014.0175,706,44087,28984.00089999946
0.48,[Alternate] Trench Trader 1,-476.43680000000006,29000.0,520.3760000000001,0,290,43.93920000000003
0.48,[Alternate] Trench Trader 2,-126.863584,7600.0,136.3744,0,76,9.510816000000005
0.48,[Alternate] Trench Trader 3,-22.486500000000003,1400.0,25.1216,0,14,2.6350999999999978
0.48,[Alternate] Trench Trader 4,-2.0821769999999997,200.0,3.5888000000000004,0,2,1.5066230000000007
0.48,[Alternate] Trench Trader 5,0.0,0.0,0.0,0,0,0.0
0.48,[Alternate] Momentum Monkey V1 1,-172.4172999999999,10000.0,179.44000000000003,10703,10803,7.022700000000128
0.48,[Alternate] Momentum Monkey V1 2,-22.3527,1400.0,25.1216,47,61,2.768900000000002
0.48,[Alternate] Momentum Monkey V1 3,-1.9849999999999999,100.0,1.7944000000000002,0,1,-0.19059999999999966
0.48,[Alternate] Momentum Monkey V1 4,0.0,0.0,0.0,0,0,0.0
0.48,[Alternate] Momentum Monkey V1 5,0.0,0.0,0.0,0,0,0.0
0.48,[Alternate] Momentum Monkey V2 1,-46117.647000000106,3772800.0,67699.1232,4020,41748,21581.476199999895
0.48,[Alternate] Momentum Monkey V2 2,-499.19530000000077,37600.0,674.6944000000001,21180,21556,175.49909999999932
0.48,[Alternate] Momentum Monkey V2 3,-325.2495999999999,21000.0,376.824,10039,10249,51.57440000000014
0.48,[Alternate] Momentum Monkey V2 4,-192.97440000000034,10200.0,183.02880000000002,3287,3389,-9.945600000000326
0.48,[Alternate] Momentum Monkey V2 5,-80.51680000000015,5800.0,104.07520000000001,619,677,23.558399999999864
0.48,[Alternate] Momentum Monkey V3 1,-53718.37790000065,4430300.0,79497.30320000001,733,45036,25778.925299999362
0.48,[Alternate] Momentum Monkey V3 2,-46117.647000000106,3772800.0,67699.1232,4020,41748,21581.476199999895
0.48,[Alternate] Momentum Monkey V3 3,-499.19530000000077,37600.0,674.6944000000001,21180,21556,175.49909999999932
0.48,[Alternate] Momentum Monkey V3 4,-499.19530000000077,37600.0,674.6944000000001,21180,21556,175.49909999999932
0.48,[Alternate] Momentum Monkey V3 5,-499.19530000000077,37600.0,674.6944000000001,21180,21556,175.49909999999932
0.48,Long Term Trader,-0.4786,100.0,1.7944000000000002,0,1,1.3158000000000003
0.48,Feel Trader,-5892.105225999987,476500.0,8550.316,0,4765,2658.2107740000138
0.48,Trench Trader,-2814.880166999996,193400.0,3470.3696000000004,0,1934,655.4894330000043
0.48,Momentum Monkey V1,-55.1449,3200.0,57.42080000000001,516,548,2.275900000000007
0.48,Momentum Monkey V2,-53718.37790000065,4430300.0,79497.30320000001,733,45036,25778.925299999362
0.48,Momentum Monkey V3,-53718.37790000065,4430300.0,79497.30320000001,733,45036,25778.925299999362
0.49,[Alternate] Trench Trader 1,-481.25702800000005,29300.0,457.0214,0,293,-24.23562800000002
0.49,[Alternate] Trench Trader 2,-130.13937099999998,7800.0,121.6644,0,78,-8.474970999999982
0.49,[Alternate] Trench Trader 3,-25.694745000000005,1600.0,24.9568,0,16,-0.7379450000000034
0.49,[Alternate] Trench Trader 4,-5.222879999999999,400.0,6.2392,0,4,1.0163200000000012
0.49,[Alternate] Trench Trader 5,-1.5982199999999998,100.0,1.5598,0,1,-0.03841999999999968
0.49,[Alternate] Momentum Monkey V1 1,-189.47069999999957,11000.0,171.578,10941,11051,-17.892699999999564
0.49,[Alternate] Momentum Monkey V1 2,-22.3527,1400.0,21.837200000000003,47,61,-0.5154999999999959
0.49,[Alternate] Momentum Monkey V1 3,-1.9849999999999999,100.0,1.5598,0,1,-0.4251999999999998
0.49,[Alternate] Momentum Monkey V1 4,0.0,0.0,0.0,0,0,0.0
0.49,[Alternate] Momentum Monkey V1 5,0.0,0.0,0.0,0,0,0.0
0.49,[Alternate] Momentum Monkey V2 1,-47442.31650000008,3855900.0,60144.3282,4094,42653,12702.011699999923
0.49,[Alternate] Momentum Monkey V2 2,-516.8059999999998,38500.0,600.523,21665,22050,83.71700000000021
0.49,[Alternate] Momentum Monkey V2 3,-357.6186999999999,22900.0,357.1942,10277,10506,-0.42449999999985266
0.49,[Alternate] Momentum Monkey V2 4,-212.22330000000022,11300.0,176.25740000000002,3361,3474,-35.965900000000204
0.49,[Alternate] Momentum Monkey V2 5,-82.84040000000013,5900.0,92.0282,626,685,9.187799999999868
0.49,[Alternate] Momentum Monkey V3 1,-55257.722400000624,4526800.0,70609.0264,740,46008,15351.303999999378
0.49,[Alternate] Momentum Monkey V3 2,-47442.31650000008,3855900.0,60144.3282,4094,42653,12702.011699999923
0.49,[Alternate] Momentum Monkey V3 3,-516.8059999999998,38500.0,600.523,21665,22050,83.71700000000021
0.49,[Alternate] Momentum Monkey V3 4,-516.8059999999998,38500.0,600.523,21665,22050,83.71700000000021
0.49,[Alternate] Momentum Monkey V3 5,-516.8059999999998,38500.0,600.523,21665,22050,83.71700000000021
0.49,Long Term Trader,-0.4786,100.0,1.5598,0,1,1.0812
0.49,Feel Trader,-6033.968361999983,485400.0,7571.269200000001,0,4854,1537.3008380000174
0.49,Trench Trader,-2843.7141149999957,195200.0,3044.7296,0,1952,201.01548500000445
0.49,Momentum Monkey V1,-60.02330000000002,3500.0,54.593,525,560,-5.430300000000017
0.49,Momentum Monkey V2,-55257.722400000624,4526800.0,70609.0264,740,46008,15351.303999999378
0.49,Momentum Monkey V3,-55257.722400000624,4526800.0,70609.0264,740,46008,15351.303999999378
0.5,[Alternate] Trench Trader 1,-482.7289880000001,29400.0,428.7402,0,294,-53.988788000000056
0.5,[Alternate] Trench Trader 2,-130.13937099999998,7800.0,113.7474,0,78,-16.391970999999984
0.5,[Alternate] Trench Trader 3,-25.694745000000005,1600.0,23.332800000000002,0,16,-2.361945000000002
0.5,[Alternate] Trench Trader 4,-5.222879999999999,400.0,5.833200000000001,0,4,0.6103200000000015
0.5,[Alternate] Trench Trader 5,-1.5982199999999998,100.0,1.4583000000000002,0,1,-0.1399199999999996
0.5,[Alternate] Momentum Monkey V1 1,-204.15929999999966,11900.0,173.5377,11181,11300,-30.62159999999966
0.5,[Alternate] Momentum Monkey V1 2,-23.9269,1500.0,21.8745,47,62,-2.0523999999999987
0.5,[Alternate] Momentum Monkey V1 3,-1.9849999999999999,100.0,1.4583000000000002,0,1,-0.5266999999999997
0.5,[Alternate] Momentum Monkey V1 4,0.0,0.0,0.0,0,0,0.0
0.5,[Alternate] Momentum Monkey V1 5,0.0,0.0,0.0,0,0,0.0
0.5,[Alternate] Momentum Monkey V2 1,-48710.926600000246,3939800.0,57454.1034,4164,43562,8743.176799999754
0.5,[Alternate] Momentum Monkey V2 2,-586.6096999999993,42800.0,624.1524000000001,22133,22561,37.542700000000764
0.5,[Alternate] Momentum Monkey V2 3,-384.92799999999954,24500.0,357.2835,10509,10754,-27.64449999999954
0.5,[Alternate] Momentum Monkey V2 4,-240.9816000000002,13200.0,192.4956,3431,3563,-48.48600000000022
0.5,[Alternate] Momentum Monkey V2 5,-89.04190000000014,6300.0,91.8729,635,698,2.830999999999861
0.5,[Alternate] Momentum Monkey V3 1,-56711.58130000078,4622900.0,67415.7507,749,46978,10704.169399999228
0.5,[Alternate] Momentum Monkey V3 2,-48710.926600000246,3939800.0,57454.1034,4164,43562,8743.176799999754
0.5,[Alternate] Momentum Monkey V3 3,-586.6096999999993,42800.0,624.1524000000001,22133,22561,37.542700000000764
0.5,[Alternate] Momentum Monkey V3 4,-586.6096999999993,42800.0,624.1524000000001,22133,22561,37.542700000000764
0.5,[Alternate] Momentum Monkey V3 5,-586.6096999999993,42800.0,624.1524000000001,22133,22561,37.542700000000764
0.5,Long Term Trader,-0.4786,100.0,1.4583000000000002,0,1,0.9797000000000001
0.5,Feel Trader,-6190.670463999982,495800.0,7230.2514,0,4958,1039.5809360000185
0.5,Trench Trader,-2853.994868999996,195900.0,2856.8097000000002,0,1959,2.814831000004233
0.5,Momentum Monkey V1,-73.81880000000002,4400.0,64.1652,529,573,-9.653600000000026
0.5,Momentum Monkey V2,-56711.58130000078,4622900.0,67415.7507,749,46978,10704.169399999228
0.5,Momentum Monkey V3,-56711.58130000078,4622900.0,67415.7507,749,46978,10704.169399999228
0.51,[Alternate] Trench Trader 1,-486.7823660000001,29700.0,406.0287,0,297,-80.75366600000007
0.51,[Alternate] Trench Trader 2,-130.13937099999998,7800.0,106.63380000000001,0,78,-23.505570999999975
0.51,[Alternate] Trench Trader 3,-25.694745000000005,1600.0,21.8736,0,16,-3.821145000000005
0.51,[Alternate] Trench Trader 4,-5.222879999999999,400.0,5.4684,0,4,0.24552000000000085
0.51,[Alternate] Trench Trader 5,-1.5982199999999998,100.0,1.3671,0,1,-0.23111999999999977
0.51,[Alternate] Momentum Monkey V1 1,-185.9631999999994,10500.0,143.5455,11420,11525,-42.4176999999994
0.51,[Alternate] Momentum Monkey V1 2,-22.4351,1400.0,19.139400000000002,50,64,-3.2956999999999965
0.51,[Alternate] Momentum Monkey V1 3,-1.9849999999999999,100.0,1.3671,0,1,-0.6178999999999999
0.51,[Alternate] Momentum Monkey V1 4,0.0,0.0,0.0,0,0,0.0
0.51,[Alternate] Momentum Monkey V1 5,0.0,0.0,0.0,0,0,0.0
0.51,[Alternate] Momentum Monkey V2 1,-49806.574100000216,4020100.0,54958.7871,4254,44455,5152.212999999785
0.51,[Alternate] Momentum Monkey V2 2,-558.348199999999,40500.0,553.6755,22636,23041,-4.67269999999894
0.51,[Alternate] Momentum Monkey V2 3,-329.2304999999993,20200.0,276.1542,10782,10984,-53.07629999999932
0.51,[Alternate] Momentum Monkey V2 4,-200.02250000000018,10100.0,138.0771,3521,3622,-61.94540000000018
0.51,[Alternate] Momentum Monkey V2 5,-76.74410000000015,5400.0,73.8234,657,711,-2.9207000000001386
0.51,[Alternate] Momentum Monkey V3 1,-57990.268800000726,4716800.0,64483.372800000005,771,47939,6493.103999999279
0.51,[Alternate] Momentum Monkey V3 2,-49806.574100000216,4020100.0,54958.7871,4254,44455,5152.212999999785
0.51,[Alternate] Momentum Monkey V3 3,-558.348199999999,40500.0,553.6755,22636,23041,-4.67269999999894
0.51,[Alternate] Momentum Monkey V3 4,-558.348199999999,40500.0,553.6755,22636,23041,-4.67269999999894
0.51,[Alternate] Momentum Monkey V3 5,-558.348199999999,40500.0,553.6755,22636,23041,-4.67269999999894
0.51,Long Term Trader,-0.4786,100.0,1.3671,0,1,0.8885
0.51,Feel Trader,-6299.8377639999835,503800.0,6887.4498,0,5038,587.6120360000168
0.51,Trench Trader,-2884.9419719999964,198200.0,2709.5922,0,1982,-175.3497719999964
0.51,Momentum Monkey V1,-65.7585,3800.0,51.9498,547,585,-13.808699999999995
0.51,Momentum Monkey V2,-57990.268800000726,4716800.0,64483.372800000005,771,47939,6493.103999999279
0.51,Momentum Monkey V3,-57990.268800000726,4716800.0,64483.372800000005,771,47939,6493.103999999279
0.52,[Alternate] Trench Trader 1,-486.7823660000001,29700.0,494.50500000000005,0,297,7.722633999999971
0.52,[Alternate] Trench Trader 2,-130.13937099999998,7800.0,129.87,0,78,-0.26937099999997827
0.52,[Alternate] Trench Trader 3,-25.694745000000005,1600.0,26.640000000000004,0,16,0.9452549999999995
0.52,[Alternate] Trench Trader 4,-5.222879999999999,400.0,6.660000000000001,0,4,1.437120000000002
0.52,[Alternate] Trench Trader 5,-1.5982199999999998,100.0,1.6650000000000003,0,1,0.0667800000000005
0.52,[Alternate] Momentum Monkey V1 1,-239.54309999999947,14000.0,233.10000000000002,11650,11790,-6.443099999999447
0.52,[Alternate] Momentum Monkey V1 2,-27.046,1700.0,28.305000000000003,50,67,1.259000000000004
0.52,[Alternate] Momentum Monkey V1 3,-1.9849999999999999,100.0,1.6650000000000003,0,1,-0.3199999999999996
0.52,[Alternate] Momentum Monkey V1 4,0.0,0.0,0.0,0,0,0.0
0.52,[Alternate] Momentum Monkey V1 5,0.0,0.0,0.0,0,0,0.0
0.52,[Alternate] Momentum Monkey V2 1,-51070.09620000028,4104000.0,68331.6,4323,45363,17261.50379999973
0.52,[Alternate] Momentum Monkey V2 2,-626.1077000000007,45200.0,752.58,23101,23553,126.47229999999934
0.52,[Alternate] Momentum Monkey V2 3,-425.66559999999856,26500.0,441.225,11001,11266,15.55940000000146
0.52,[Alternate] Momentum Monkey V2 4,-271.6538000000001,14800.0,246.42000000000002,3590,3738,-25.233800000000087
0.52,[Alternate] Momentum Monkey V2 5,-103.92960000000016,7200.0,119.88000000000001,665,737,15.950399999999846
0.52,[Alternate] Momentum Monkey V3 1,-59434.3865000008,4812900.0,80134.785,779,48908,20700.398499999203
0.52,[Alternate] Momentum Monkey V3 2,-51070.09620000028,4104000.0,68331.6,4323,45363,17261.50379999973
0.52,[Alternate] Momentum Monkey V3 3,-626.1077000000007,45200.0,752.58,23101,23553,126.47229999999934
0.52,[Alternate] Momentum Monkey V3 4,-626.1077000000007,45200.0,752.58,23101,23553,126.47229999999934
0.52,[Alternate] Momentum Monkey V3 5,-626.1077000000007,45200.0,752.58,23101,23553,126.47229999999934
0.52,Long Term Trader,-0.4786,100.0,1.6650000000000003,0,1,1.1864000000000003
0.52,Feel Trader,-6432.392453999986,512700.0,8536.455,0,5127,2104.0625460000138
0.52,Trench Trader,-2928.4357409999966,201100.0,3348.3150000000005,0,2011,419.8792590000039
0.52,Momentum Monkey V1,-86.25740000000003,5100.0,84.915,556,607,-1.3424000000000262
0.52,Momentum Monkey V2,-59434.3865000008,4812900.0,80134.785,779,48908,20700.398499999203
0.52,Momentum Monkey V3,-59434.3865000008,4812900.0,80134.785,779,48908,20700.398499999203
0.53,[Alternate] Trench Trader 1,-486.7823660000001,29700.0,430.8876,0,297,-55.89476600000006
0.53,[Alternate] Trench Trader 2,-130.13937099999998,7800.0,113.1624,0,78,-16.976970999999978
0.53,[Alternate] Trench Trader 3,-25.694745000000005,1600.0,23.2128,0,16,-2.481945000000003
0.53,[Alternate] Trench Trader 4,-5.222879999999999,400.0,5.8032,0,4,0.5803200000000013
0.53,[Alternate] Trench Trader 5,-1.5982199999999998,100.0,1.4508,0,1,-0.14741999999999966
0.53,[Alternate] Momentum Monkey V1 1,-208.6101999999995,11900.0,172.6452,11908,12027,-35.96499999999952
0.53,[Alternate] Momentum Monkey V1 2,-27.046,1700.0,24.6636,50,67,-2.3824000000000005
0.53,[Alternate] Momentum Monkey V1 3,-1.9849999999999999,100.0,1.4508,0,1,-0.5341999999999998
0.53,[Alternate] Momentum Monkey V1 4,0.0,0.0,0.0,0,0,0.0
0.53,[Alternate] Momentum Monkey V1 5,0.0,0.0,0.0,0,0,0.0
0.53,[Alternate] Momentum Monkey V2 1,-52252.77780000022,4181800.0,60669.5544,4411,46229,8416.77659999978
0.53,[Alternate] Momentum Monkey V2 2,-464.53109999999964,34200.0,496.1736,23633,23975,31.642500000000382
0.53,[Alternate] Momentum Monkey V2 3,-352.8709999999985,21500.0,311.922,11254,11469,-40.94899999999848
0.53,[Alternate] Momentum Monkey V2 4,-238.62130000000022,12600.0,182.8008,3678,3804,-55.82050000000021
0.53,[Alternate] Momentum Monkey V2 5,-105.68960000000014,7300.0,105.9084,676,749,0.21879999999985955
0.53,[Alternate] Momentum Monkey V3 1,-60851.37410000074,4906100.0,71177.6988,790,49851,10326.324699999255
0.53,[Alternate] Momentum Monkey V3 2,-52252.77780000022,4181800.0,60669.5544,4411,46229,8416.77659999978
0.53,[Alternate] Momentum Monkey V3 3,-464.53109999999964,34200.0,496.1736,23633,23975,31.642500000000382
0.53,[Alternate] Momentum Monkey V3 4,-464.53109999999964,34200.0,496.1736,23633,23975,31.642500000000382
0.53,[Alternate] Momentum Monkey V3 5,-464.53109999999964,34200.0,496.1736,23633,23975,31.642500000000382
0.53,Long Term Trader,-0.4786,100.0,1.4508,0,1,0.9722000000000001
0.53,Feel Trader,-6572.655058999988,521900.0,7571.7252,0,5219,999.070141000012
0.53,Trench Trader,-2950.0486289999967,202500.0,2937.87,0,2025,-12.178628999996818
0.53,Momentum Monkey V1,-72.54720000000002,4200.0,60.9336,570,612,-11.61360000000002
0.53,Momentum Monkey V2,-60851.37410000074,4906100.0,71177.6988,790,49851,10326.324699999255
0.53,Momentum Monkey V3,-60851.37410000074,4906100.0,71177.6988,790,49851,10326.324699999255
0.54,[Alternate] Trench Trader 1,-486.7823660000001,29700.0,418.8888,0,297,-67.89356600000008
0.54,[Alternate] Trench Trader 2,-130.13937099999998,7800.0,110.0112,0,78,-20.12817099999998
0.54,[Alternate] Trench Trader 3,-25.694745000000005,1600.0,22.5664,0,16,-3.128345000000003
0.54,[Alternate] Trench Trader 4,-5.222879999999999,400.0,5.6416,0,4,0.4187200000000013
0.54,[Alternate] Trench Trader 5,-1.5982199999999998,100.0,1.4104,0,1,-0.18781999999999965
0.54,[Alternate] Momentum Monkey V1 1,-192.64629999999957,10700.0,150.9128,12144,12251,-41.733499999999566
0.54,[Alternate] Momentum Monkey V1 2,-27.046,1700.0,23.9768,50,67,-3.0691999999999986
0.54,[Alternate] Momentum Monkey V1 3,-1.9849999999999999,100.0,1.4104,0,1,-0.5745999999999998
0.54,[Alternate] Momentum Monkey V1 4,0.0,0.0,0.0,0,0,0.0
0.54,[Alternate] Momentum Monkey V1 5,0.0,0.0,0.0,0,0,0.0
0.54,[Alternate] Momentum Monkey V2 1,-53385.27180000016,4260900.0,60095.7336,4488,47097,6710.461799999837
0.54,[Alternate] Momentum Monkey V2 2,-385.0022999999998,28500.0,401.964,24134,24419,16.961700000000178
0.54,[Alternate] Momentum Monkey V2 3,-323.1410999999983,19300.0,272.2072,11483,11676,-50.93389999999829
0.54,[Alternate] Momentum Monkey V2 4,-232.68890000000002,12100.0,170.6584,3755,3876,-62.03050000000002
0.54,[Alternate] Momentum Monkey V2 5,-110.20200000000014,7600.0,107.1904,687,763,-3.0116000000001435
0.54,[Alternate] Momentum Monkey V3 1,-62172.07050000069,4998400.0,70497.4336,801,50785,8325.363099999311
0.54,[Alternate] Momentum Monkey V3 2,-53385.27180000016,4260900.0,60095.7336,4488,47097,6710.461799999837
0.54,[Alternate] Momentum Monkey V3 3,-385.0022999999998,28500.0,401.964,24134,24419,16.961700000000178
0.54,[Alternate] Momentum Monkey V3 4,-385.0022999999998,28500.0,401.964,24134,24419,16.961700000000178
0.54,[Alternate] Momentum Monkey V3 5,-385.0022999999998,28500.0,401.964,24134,24419,16.961700000000178
0.54,Long Term Trader,-0.4786,100.0,1.4104,0,1,0.9318000000000001
0.54,Feel Trader,-6690.392358999981,530100.0,7476.530400000001,0,5301,786.1380410000193
0.54,Trench Trader,-2952.867356999997,202700.0,2858.8808,0,2027,-93.98655699999699
0.54,Momentum Monkey V1,-71.3601,4100.0,57.8264,580,621,-13.533700000000003
0.54,Momentum Monkey V2,-62172.07050000069,4998400.0,70497.4336,801,50785,8325.363099999311
0.54,Momentum Monkey V3,-62172.07050000069,4998400.0,70497.4336,801,50785,8325.363099999311
0.55,[Alternate] Trench Trader 1,-488.1484860000001,29800.0,417.8556,0,298,-70.29288600000012
0.55,[Alternate] Trench Trader 2,-130.13937099999998,7800.0,109.3716,0,78,-20.767770999999982
0.55,[Alternate] Trench Trader 3,-25.694745000000005,1600.0,22.4352,0,16,-3.2595450000000064
0.55,[Alternate] Trench Trader 4,-5.222879999999999,400.0,5.6088,0,4,0.3859200000000005
0.55,[Alternate] Trench Trader 5,-1.5982199999999998,100.0,1.4022,0,1,-0.19601999999999986
0.55,[Alternate] Momentum Monkey V1 1,-214.01899999999947,12200.0,171.0684,12370,12492,-42.95059999999947
0.55,[Alternate] Momentum Monkey V1 2,-27.046,1700.0,23.8374,50,67,-3.2086000000000006
0.55,[Alternate] Momentum Monkey V1 3,-1.9849999999999999,100.0,1.4022,0,1,-0.5828
0.55,[Alternate] Momentum Monkey V1 4,0.0,0.0,0.0,0,0,0.0
0.55,[Alternate] Momentum Monkey V1 5,0.0,0.0,0.0,0,0,0.0
0.55,[Alternate] Momentum Monkey V2 1,-54543.39850000011,4343000.0,60897.546,4544,47974,6354.14749999989
0.55,[Alternate] Momentum Monkey V2 2,-493.7921999999997,36200.0,507.5964,24562,24924,13.804200000000321
0.55,[Alternate] Momentum Monkey V2 3,-363.98349999999846,22200.0,311.28839999999997,11668,11890,-52.69509999999849
0.55,[Alternate] Momentum Monkey V2 4,-224.26880000000006,11500.0,161.253,3811,3926,-63.01580000000007
0.55,[Alternate] Momentum Monkey V2 5,-103.15090000000012,7100.0,99.5562,696,767,-3.594700000000117
0.55,[Alternate] Momentum Monkey V3 1,-63462.708400000694,5089900.0,71370.5778,810,51709,7907.869399999305
0.55,[Alternate] Momentum Monkey V3 2,-54543.39850000011,4343000.0,60897.546,4544,47974,6354.14749999989
0.55,[Alternate] Momentum Monkey V3 3,-493.7921999999997,36200.0,507.5964,24562,24924,13.804200000000321
0.55,[Alternate] Momentum Monkey V3 4,-493.7921999999997,36200.0,507.5964,24562,24924,13.804200000000321
0.55,[Alternate] Momentum Monkey V3 5,-493.7921999999997,36200.0,507.5964,24562,24924,13.804200000000321
0.55,Long Term Trader,-0.4786,100.0,1.4022,0,1,0.9235999999999999
0.55,Feel Trader,-6804.74215899998,538200.0,7546.6404,0,5382,741.8982410000199
0.55,Trench Trader,-2954.247416999997,202800.0,2843.6616,0,2028,-110.58581699999695
0.55,Momentum Monkey V1,-67.19749999999999,3800.0,53.2836,588,626,-13.913899999999991
0.55,Momentum Monkey V2,-63462.708400000694,5089900.0,71370.5778,810,51709,7907.869399999305
0.55,Momentum Monkey V3,-63462.708400000694,5089900.0,71370.5778,810,51709,7907.869399999305
0.56,[Alternate] Trench Trader 1,-489.4829520000001,29900.0,398.2381,0,299,-91.24485200000015
0.56,[Alternate] Trench Trader 2,-130.13937099999998,7800.0,103.8882,0,78,-26.251170999999985
0.56,[Alternate] Trench Trader 3,-25.694745000000005,1600.0,21.310399999999998,0,16,-4.384345000000007
0.56,[Alternate] Trench Trader 4,-5.222879999999999,400.0,5.3275999999999994,0,4,0.10472000000000037
0.56,[Alternate] Trench Trader 5,-1.5982199999999998,100.0,1.3318999999999999,0,1,-0.2663199999999999
0.56,[Alternate] Momentum Monkey V1 1,-222.1036999999995,12800.0,170.48319999999998,12599,12727,-51.62049999999951
0.56,[Alternate] Momentum Monkey V1 2,-29.990499999999997,1900.0,25.306099999999997,51,70,-4.6844
0.56,[Alternate] Momentum Monkey V1 3,-1.9849999999999999,100.0,1.3318999999999999,0,1,-0.6531
0.56,[Alternate] Momentum Monkey V1 4,0.0,0.0,0.0,0,0,0.0
0.56,[Alternate] Momentum Monkey V1 5,0.0,0.0,0.0,0,0,0.0
0.56,[Alternate] Momentum Monkey V2 1,-55583.73120000008,4419000.0,58856.661,4627,48817,3272.929799999918
0.56,[Alternate] Momentum Monkey V2 2,-530.0357000000002,39200.0,522.1048,25010,25402,-7.9309000000002925
0.56,[Alternate] Momentum Monkey V2 3,-420.2095999999986,26400.0,351.6216,11901,12165,-68.5879999999986
0.56,[Alternate] Momentum Monkey V2 4,-239.74080000000012,12500.0,166.48749999999998,3894,4019,-73.25330000000014
0.56,[Alternate] Momentum Monkey V2 5,-107.42580000000014,7300.0,97.22869999999999,723,796,-10.197100000000148
0.56,[Alternate] Momentum Monkey V3 1,-64655.45010000065,5177100.0,68953.7949,837,52608,4298.344799999344
0.56,[Alternate] Momentum Monkey V3 2,-55583.73120000008,4419000.0,58856.661,4627,48817,3272.929799999918
0.56,[Alternate] Momentum Monkey V3 3,-530.0357000000002,39200.0,522.1048,25010,25402,-7.9309000000002925
0.56,[Alternate] Momentum Monkey V3 4,-530.0357000000002,39200.0,522.1048,25010,25402,-7.9309000000002925
0.56,[Alternate] Momentum Monkey V3 5,-530.0357000000002,39200.0,522.1048,25010,25402,-7.9309000000002925
0.56,Long Term Trader,-0.4786,100.0,1.3318999999999999,0,1,0.8532999999999998
0.56,Feel Trader,-6924.11006099998,547000.0,7285.4929999999995,0,5470,361.3829390000192
0.56,Trench Trader,-2960.8831889999965,203300.0,2707.7527,0,2033,-253.1304889999965
0.56,Momentum Monkey V1,-69.34860000000002,3900.0,51.9441,603,642,-17.40450000000002
0.56,Momentum Monkey V2,-64655.45010000065,5177100.0,68953.7949,837,52608,4298.344799999344
0.56,Momentum Monkey V3,-64655.45010000065,5177100.0,68953.7949,837,52608,4298.344799999344
0.57,[Alternate] Trench Trader 1,-490.97970600000014,30000.0,443.85,0,300,-47.12970600000011
0.57,[Alternate] Trench Trader 2,-130.13937099999998,7800.0,115.40100000000001,0,78,-14.738370999999972
0.57,[Alternate] Trench Trader 3,-25.694745000000005,1600.0,23.672,0,16,-2.022745000000004
0.57,[Alternate] Trench Trader 4,-5.222879999999999,400.0,5.918,0,4,0.6951200000000011
0.57,[Alternate] Trench Trader 5,-1.5982199999999998,100.0,1.4795,0,1,-0.11871999999999971
0.57,[Alternate] Momentum Monkey V1 1,-296.9493999999996,18200.0,269.269,12797,12979,-27.680399999999622
0.57,[Alternate] Momentum Monkey V1 2,-29.990499999999997,1900.0,28.110500000000002,51,70,-1.8799999999999955
0.57,[Alternate] Momentum Monkey V1 3,-1.9849999999999999,100.0,1.4795,0,1,-0.5054999999999998
0.57,[Alternate] Momentum Monkey V1 4,0.0,0.0,0.0,0,0,0.0
0.57,[Alternate] Momentum Monkey V1 5,0.0,0.0,0.0,0,0,0.0
0.57,[Alternate] Momentum Monkey V2 1,-56694.169200000084,4499700.0,66573.06150000001,4680,49677,9878.892299999927
0.57,[Alternate] Momentum Monkey V2 2,-767.6714999999979,56300.0,832.9585000000001,25381,25944,65.2870000000022
0.57,[Alternate] Momentum Monkey V2 3,-576.0577999999979,37600.0,556.292,12077,12453,-19.765799999997853
0.57,[Alternate] Momentum Monkey V2 4,-270.2682000000002,14700.0,217.4865,3947,4094,-52.7817000000002
0.57,[Alternate] Momentum Monkey V2 5,-113.11040000000013,7700.0,113.92150000000001,728,805,0.8110999999998825
0.57,[Alternate] Momentum Monkey V3 1,-65896.20990000053,5267400.0,77931.183,842,53516,12034.973099999479
0.57,[Alternate] Momentum Monkey V3 2,-56694.169200000084,4499700.0,66573.06150000001,4680,49677,9878.892299999927
0.57,[Alternate] Momentum Monkey V3 3,-767.6714999999979,56300.0,832.9585000000001,25381,25944,65.2870000000022
0.57,[Alternate] Momentum Monkey V3 4,-767.6714999999979,56300.0,832.9585000000001,25381,25944,65.2870000000022
0.57,[Alternate] Momentum Monkey V3 5,-767.6714999999979,56300.0,832.9585000000001,25381,25944,65.2870000000022
0.57,Long Term Trader,-0.4786,100.0,1.4795,0,1,1.0009000000000001
0.57,Feel Trader,-7038.344222999979,555300.0,8215.6635,0,5553,1177.3192770000214
0.57,Trench Trader,-2965.364027999997,203600.0,3012.262,0,2036,46.89797200000339
0.57,Momentum Monkey V1,-65.30810000000002,3600.0,53.262,612,648,-12.046100000000024
0.57,Momentum Monkey V2,-65896.20990000053,5267400.0,77931.183,842,53516,12034.973099999479
0.57,Momentum Monkey V3,-65896.20990000053,5267400.0,77931.183,842,53516,12034.973099999479
0.58,[Alternate] Trench Trader 1,-490.97970600000014,30000.0,415.41,0,300,-75.56970600000011
0.58,[Alternate] Trench Trader 2,-130.13937099999998,7800.0,108.0066,0,78,-22.132770999999977
0.58,[Alternate] Trench Trader 3,-25.694745000000005,1600.0,22.1552,0,16,-3.539545000000004
0.58,[Alternate] Trench Trader 4,-5.222879999999999,400.0,5.5388,0,4,0.3159200000000011
0.58,[Alternate] Trench Trader 5,-1.5982199999999998,100.0,1.3847,0,1,-0.2135199999999997
0.58,[Alternate] Momentum Monkey V1 1,-281.1659999999992,17100.0,236.7837,13045,13216,-44.38229999999919
0.58,[Alternate] Momentum Monkey V1 2,-26.977299999999996,1700.0,23.5399,53,70,-3.4373999999999967
0.58,[Alternate] Momentum Monkey V1 3,-1.9849999999999999,100.0,1.3847,0,1,-0.6002999999999998
0.58,[Alternate] Momentum Monkey V1 4,0.0,0.0,0.0,0,0,0.0
0.58,[Alternate] Momentum Monkey V1 5,0.0,0.0,0.0,0,0,0.0
0.58,[Alternate] Momentum Monkey V2 1,-57761.93390000003,4573300.0,63326.4851,4785,50518,5564.551199999965
0.58,[Alternate] Momentum Monkey V2 2,-695.9133999999978,51300.0,710.3511,25879,26392,14.437700000002224
0.58,[Alternate] Momentum Monkey V2 3,-534.9995999999977,34700.0,480.4909,12341,12688,-54.5086999999977
0.58,[Alternate] Momentum Monkey V2 4,-240.56580000000002,12600.0,174.4722,4052,4178,-66.09360000000004
0.58,[Alternate] Momentum Monkey V2 5,-112.60740000000014,7700.0,106.6219,748,825,-5.985500000000144
0.58,[Alternate] Momentum Monkey V3 1,-67209.1644000006,5358000.0,74192.226,862,54442,6983.06159999939
0.58,[Alternate] Momentum Monkey V3 2,-57761.93390000003,4573300.0,63326.4851,4785,50518,5564.551199999965
0.58,[Alternate] Momentum Monkey V3 3,-695.9133999999978,51300.0,710.3511,25879,26392,14.437700000002224
0.58,[Alternate] Momentum Monkey V3 4,-695.9133999999978,51300.0,710.3511,25879,26392,14.437700000002224
0.58,[Alternate] Momentum Monkey V3 5,-695.9133999999978,51300.0,710.3511,25879,26392,14.437700000002224
0.58,Long Term Trader,-0.4786,100.0,1.3847,0,1,0.9061
0.58,Feel Trader,-7149.859122999981,563000.0,7795.861,0,5630,646.0018770000188
0.58,Trench Trader,-2969.7034949999966,203900.0,2823.4033,0,2039,-146.30019499999662
0.58,Momentum Monkey V1,-50.53700000000003,2600.0,36.0022,631,657,-14.534800000000025
0.58,Momentum Monkey V2,-67209.1644000006,5358000.0,74192.226,862,54442,6983.06159999939
0.58,Momentum Monkey V3,-67209.1644000006,5358000.0,74192.226,862,54442,6983.06159999939
0.59,[Alternate] Trench Trader 1,-490.97970600000014,30000.0,407.28,0,300,-83.69970600000016
0.59,[Alternate] Trench Trader 2,-130.13937099999998,7800.0,105.8928,0,78,-24.24657099999999
0.59,[Alternate] Trench Trader 3,-25.694745000000005,1600.0,21.7216,0,16,-3.973145000000006
0.59,[Alternate] Trench Trader 4,-5.222879999999999,400.0,5.4304,0,4,0.2075200000000006
0.59,[Alternate] Trench Trader 5,-1.5982199999999998,100.0,1.3576,0,1,-0.24061999999999983
0.59,[Alternate] Momentum Monkey V1 1,-229.96719999999885,13300.0,180.5608,13313,13446,-49.406399999998854
0.59,[Alternate] Momentum Monkey V1 2,-25.607299999999995,1600.0,21.7216,54,70,-3.8856999999999964
0.59,[Alternate] Momentum Monkey V1 3,-1.9849999999999999,100.0,1.3576,0,1,-0.6274
0.59,[Alternate] Momentum Monkey V1 4,0.0,0.0,0.0,0,0,0.0
0.59,[Alternate] Momentum Monkey V1 5,0.0,0.0,0.0,0,0,0.0
0.59,[Alternate] Momentum Monkey V2 1,-58759.74120000005,4646100.0,63075.4536,4889,51350,4315.712399999953
0.59,[Alternate] Momentum Monkey V2 2,-552.6364999999964,40700.0,552.5432,26400,26807,-0.09329999999647498
0.59,[Alternate] Momentum Monkey V2 3,-482.9701999999981,30800.0,418.1408,12620,12928,-64.82939999999809
0.59,[Alternate] Momentum Monkey V2 4,-194.80240000000012,9200.0,124.8992,4156,4248,-69.90320000000013
0.59,[Alternate] Momentum Monkey V2 5,-101.86970000000012,6900.0,93.67439999999999,769,838,-8.195300000000131
0.59,[Alternate] Momentum Monkey V3 1,-68433.55610000063,5447400.0,73953.90239999999,883,55357,5520.346299999364
0.59,[Alternate] Momentum Monkey V3 2,-58759.74120000005,4646100.0,63075.4536,4889,51350,4315.712399999953
0.59,[Alternate] Momentum Monkey V3 3,-552.6364999999964,40700.0,552.5432,26400,26807,-0.09329999999647498
0.59,[Alternate] Momentum Monkey V3 4,-552.6364999999964,40700.0,552.5432,26400,26807,-0.09329999999647498
0.59,[Alternate] Momentum Monkey V3 5,-552.6364999999964,40700.0,552.5432,26400,26807,-0.09329999999647498
0.59,Long Term Trader,-0.4786,100.0,1.3576,0,1,0.8789999999999999
0.59,Feel Trader,-7282.74092299998,572700.0,7774.9752,0,5727,492.2342770000196
0.59,Trench Trader,-2969.7034949999966,203900.0,2768.1464,0,2039,-201.55709499999648
0.59,Momentum Monkey V1,-36.90310000000005,1600.0,21.7216,651,667,-15.181500000000053
0.59,Momentum Monkey V2,-68433.55610000063,5447400.0,73953.90239999999,883,55357,5520.346299999364
0.59,Momentum Monkey V3,-68433.55610000063,5447400.0,73953.90239999999,883,55357,5520.346299999364
0.6,[Alternate] Trench Trader 1,-499.05265200000014,30700.0,374.233,0,307,-124.81965200000013
0.6,[Alternate] Trench Trader 2,-135.817266,8300.0,101.17699999999999,0,83,-34.640266
0.6,[Alternate] Trench Trader 3,-30.2936,2000.0,24.38,0,20,-5.913600000000002
0.6,[Alternate] Trench Trader 4,-8.592548999999998,700.0,8.533,0,7,-0.05954899999999874
0.6,[Alternate] Trench Trader 5,-2.68938,200.0,2.4379999999999997,0,2,-0.25138000000000016
0.6,[Alternate] Momentum Monkey V1 1,-204.8908999999988,11200.0,136.528,13558,13670,-68.3628999999988
0.6,[Alternate] Momentum Monkey V1 2,-26.841099999999994,1700.0,20.723,55,72,-6.118099999999995
0.6,[Alternate] Momentum Monkey V1 3,-1.9849999999999999,100.0,1.2189999999999999,0,1,-0.766
0.6,[Alternate] Momentum Monkey V1 4,0.0,0.0,0.0,0,0,0.0
0.6,[Alternate] Momentum Monkey V1 5,0.0,0.0,0.0,0,0,0.0
0.6,[Alternate] Momentum Monkey V2 1,-59610.64140000006,4718300.0,57516.077,4997,52180,-2094.564400000061
0.6,[Alternate] Momentum Monkey V2 2,-508.2750999999954,37100.0,452.24899999999997,26887,27258,-56.02609999999544
0.6,[Alternate] Momentum Monkey V2 3,-437.64869999999735,27000.0,329.13,12877,13147,-108.51869999999735
0.6,[Alternate] Momentum Monkey V2 4,-162.5241000000002,6500.0,79.235,4264,4329,-83.2891000000002
0.6,[Alternate] Momentum Monkey V2 5,-93.7894000000001,6200.0,75.578,790,852,-18.211400000000097
0.6,[Alternate] Momentum Monkey V3 1,-69491.09330000039,5537000.0,67496.03,904,56274,-1995.0633000003872
0.6,[Alternate] Momentum Monkey V3 2,-59610.64140000006,4718300.0,57516.077,4997,52180,-2094.564400000061
0.6,[Alternate] Momentum Monkey V3 3,-508.2750999999954,37100.0,452.24899999999997,26887,27258,-56.02609999999544
0.6,[Alternate] Momentum Monkey V3 4,-508.2750999999954,37100.0,452.24899999999997,26887,27258,-56.02609999999544
0.6,[Alternate] Momentum Monkey V3 5,-508.2750999999954,37100.0,452.24899999999997,26887,27258,-56.02609999999544
0.6,Long Term Trader,-0.4786,100.0,1.2189999999999999,0,1,0.7403999999999998
0.6,Feel Trader,-7390.9466119999815,581900.0,7093.361,0,5819,-297.58561199998167
0.6,Trench Trader,-2996.653076999997,206200.0,2513.578,0,2062,-483.07507699999724
0.6,Momentum Monkey V1,-29.585300000000053,1000.0,12.19,668,678,-17.395300000000056
0.6,Momentum Monkey V2,-69491.09330000039,5537000.0,67496.03,904,56274,-1995.0633000003872
0.6,Momentum Monkey V3,-69491.09330000039,5537000.0,67496.03,904,56274,-1995.0633000003872
0.61,[Alternate] Trench Trader 1,-499.05265200000014,30700.0,377.0574,0,307,-121.99525200000016
0.61,[Alternate] Trench Trader 2,-135.817266,8300.0,101.94059999999999,0,83,-33.876666
0.61,[Alternate] Trench Trader 3,-30.2936,2000.0,24.564,0,20,-5.729600000000001
0.61,[Alternate] Trench Trader 4,-8.592548999999998,700.0,8.5974,0,7,0.004851000000002159
0.61,[Alternate] Trench Trader 5,-2.68938,200.0,2.4564,0,2,-0.23297999999999996
0.61,[Alternate] Momentum Monkey V1 1,-206.10099999999898,11200.0,137.5584,13788,13900,-68.54259999999897
0.61,[Alternate] Momentum Monkey V1 2,-26.841099999999994,1700.0,20.8794,55,72,-5.961699999999993
0.61,[Alternate] Momentum Monkey V1 3,-1.9849999999999999,100.0,1.2282,0,1,-0.7567999999999999
0.61,[Alternate] Momentum Monkey V1 4,0.0,0.0,0.0,0,0,0.0
0.61,[Alternate] Momentum Monkey V1 5,0.0,0.0,0.0,0,0,0.0
0.61,[Alternate] Momentum Monkey V2 1,-60545.23530000001,4795400.0,58897.1028,5068,53022,-1648.132500000007
0.61,[Alternate] Momentum Monkey V2 2,-447.0133999999964,31800.0,390.56759999999997,27370,27688,-56.44579999999644
0.61,[Alternate] Momentum Monkey V2 3,-443.57469999999785,27300.0,335.29859999999996,13091,13364,-108.27609999999788
0.61,[Alternate] Momentum Monkey V2 4,-171.90070000000006,7200.0,88.43039999999999,4335,4407,-83.47030000000007
0.61,[Alternate] Momentum Monkey V2 5,-102.5143000000001,6900.0,84.7458,800,869,-17.768500000000103
0.61,[Alternate] Momentum Monkey V3 1,-70573.26220000043,5626300.0,69102.2166,914,57177,-1471.0456000004342
0.61,[Alternate] Momentum Monkey V3 2,-60545.23530000001,4795400.0,58897.1028,5068,53022,-1648.132500000007
0.61,[Alternate] Momentum Monkey V3 3,-447.0133999999964,31800.0,390.56759999999997,27370,27688,-56.44579999999644
0.61,[Alternate] Momentum Monkey V3 4,-447.0133999999964,31800.0,390.56759999999997,27370,27688,-56.44579999999644
0.61,[Alternate] Momentum Monkey V3 5,-447.0133999999964,31800.0,390.56759999999997,27370,27688,-56.44579999999644
0.61,Long Term Trader,-0.4786,100.0,1.2282,0,1,0.7495999999999999
0.61,Feel Trader,-7501.272711999981,591000.0,7258.661999999999,0,5910,-242.6107119999815
0.61,Trench Trader,-2997.8265239999973,206300.0,2533.7765999999997,0,2063,-464.04992399999765
0.61,Momentum Monkey V1,-32.19940000000005,1200.0,14.738399999999999,678,690,-17.46100000000005
0.61,Momentum Monkey V2,-70573.26220000043,5626300.0,69102.2166,914,57177,-1471.0456000004342
0.61,Momentum Monkey V3,-70573.26220000043,5626300.0,69102.2166,914,57177,-1471.0456000004342
0.62,[Alternate] Trench Trader 1,-500.18357200000014,30800.0,343.23519999999996,0,308,-156.94837200000018
0.62,[Alternate] Trench Trader 2,-135.817266,8300.0,92.4952,0,83,-43.32206599999999
0.62,[Alternate] Trench Trader 3,-30.2936,2000.0,22.288,0,20,-8.005600000000001
0.62,[Alternate] Trench Trader 4,-8.592548999999998,700.0,7.8008,0,7,-0.7917489999999985
0.62,[Alternate] Trench Trader 5,-2.68938,200.0,2.2287999999999997,0,2,-0.4605800000000002
0.62,[Alternate] Momentum Monkey V1 1,-142.57499999999908,5500.0,61.291999999999994,14042,14097,-81.28299999999908
0.62,[Alternate] Momentum Monkey V1 2,-26.841099999999994,1700.0,18.944799999999997,55,72,-7.8962999999999965
0.62,[Alternate] Momentum Monkey V1 3,-1.9849999999999999,100.0,1.1143999999999998,0,1,-0.8706
0.62,[Alternate] Momentum Monkey V1 4,0.0,0.0,0.0,0,0,0.0
0.62,[Alternate] Momentum Monkey V1 5,0.0,0.0,0.0,0,0,0.0
0.62,[Alternate] Momentum Monkey V2 1,-61414.863400000126,4870900.0,54281.3096,5159,53868,-7133.553800000125
0.62,[Alternate] Momentum Monkey V2 2,-260.6538999999967,15100.0,168.27439999999999,27922,28073,-92.37949999999674
0.62,[Alternate] Momentum Monkey V2 3,-274.13779999999775,12300.0,137.0712,13392,13515,-137.06659999999775
0.62,[Alternate] Momentum Monkey V2 4,-115.36580000000006,2200.0,24.5168,4425,4447,-90.84900000000006
0.62,[Alternate] Momentum Monkey V2 5,-100.63590000000009,6700.0,74.6648,809,876,-25.971100000000092
0.62,[Alternate] Momentum Monkey V3 1,-71631.25110000033,5718200.0,63723.6208,923,58105,-7907.630300000332
0.62,[Alternate] Momentum Monkey V3 2,-61414.863400000126,4870900.0,54281.3096,5159,53868,-7133.553800000125
0.62,[Alternate] Momentum Monkey V3 3,-260.6538999999967,15100.0,168.27439999999999,27922,28073,-92.37949999999674
0.62,[Alternate] Momentum Monkey V3 4,-260.6538999999967,15100.0,168.27439999999999,27922,28073,-92.37949999999674
0.62,[Alternate] Momentum Monkey V3 5,-260.6538999999967,15100.0,168.27439999999999,27922,28073,-92.37949999999674
0.62,Long Term Trader,-0.4786,100.0,1.1143999999999998,0,1,0.6357999999999998
0.62,Feel Trader,-7597.5810679999795,599400.0,6679.7136,0,5994,-917.8674679999795
0.62,Trench Trader,-3001.181732999997,206600.0,2302.3504,0,2066,-698.8313329999974
0.62,Momentum Monkey V1,-26.542600000000043,700.0,7.8008,687,694,-18.741800000000044
0.62,Momentum Monkey V2,-71631.25110000033,5718200.0,63723.6208,923,58105,-7907.630300000332
0.62,Momentum Monkey V3,-71631.25110000033,5718200.0,63723.6208,923,58105,-7907.630300000332
0.63,[Alternate] Trench Trader 1,-500.18357200000014,30800.0,312.5276,0,308,-187.65597200000013
0.63,[Alternate] Trench Trader 2,-135.817266,8300.0,84.2201,0,83,-51.59716599999999
0.63,[Alternate] Trench Trader 3,-30.2936,2000.0,20.294,0,20,-9.999600000000001
0.63,[Alternate] Trench Trader 4,-8.592548999999998,700.0,7.1029,0,7,-1.4896489999999982
0.63,[Alternate] Trench Trader 5,-2.68938,200.0,2.0294,0,2,-0.65998
0.63,[Alternate] Momentum Monkey V1 1,-128.72659999999902,4200.0,42.617399999999996,14252,14294,-86.10919999999902
0.63,[Alternate] Momentum Monkey V1 2,-22.489099999999993,1300.0,13.1911,59,72,-9.297999999999993
0.63,[Alternate] Momentum Monkey V1 3,-1.9849999999999999,100.0,1.0147,0,1,-0.9702999999999999
0.63,[Alternate] Momentum Monkey V1 4,0.0,0.0,0.0,0,0,0.0
0.63,[Alternate] Momentum Monkey V1 5,0.0,0.0,0.0,0,0,0.0
0.63,[Alternate] Momentum Monkey V2 1,-62236.56270000007,4946300.0,50190.1061,5239,54702,-12046.45660000007
0.63,[Alternate] Momentum Monkey V2 2,-218.87649999999667,11200.0,113.6464,28380,28492,-105.23009999999667
0.63,[Alternate] Momentum Monkey V2 3,-234.00549999999816,8500.0,86.2495,13627,13712,-147.75599999999815
0.63,[Alternate] Momentum Monkey V2 4,-112.32560000000016,1900.0,19.2793,4481,4500,-93.04630000000017
0.63,[Alternate] Momentum Monkey V2 5,-88.7864000000001,5600.0,56.8232,826,882,-31.9632000000001
0.63,[Alternate] Momentum Monkey V3 1,-72589.96920000028,5806200.0,58915.511399999996,940,59002,-13674.457800000288
0.63,[Alternate] Momentum Monkey V3 2,-62236.56270000007,4946300.0,50190.1061,5239,54702,-12046.45660000007
0.63,[Alternate] Momentum Monkey V3 3,-218.87649999999667,11200.0,113.6464,28380,28492,-105.23009999999667
0.63,[Alternate] Momentum Monkey V3 4,-218.87649999999667,11200.0,113.6464,28380,28492,-105.23009999999667
0.63,[Alternate] Momentum Monkey V3 5,-218.87649999999667,11200.0,113.6464,28380,28492,-105.23009999999667
0.63,Long Term Trader,-0.4786,100.0,1.0147,0,1,0.5360999999999999
0.63,Feel Trader,-7710.8379859999795,609800.0,6187.6406,0,6098,-1523.1973859999798
0.63,Trench Trader,-3005.443088999997,207000.0,2100.429,0,2070,-905.014088999997
0.63,Momentum Monkey V1,-16.79780000000005,-200.0,-2.0294,700,698,-18.827200000000047
0.63,Momentum Monkey V2,-72589.96920000028,5806200.0,58915.511399999996,940,59002,-13674.457800000288
0.63,Momentum Monkey V3,-72589.96920000028,5806200.0,58915.511399999996,940,59002,-13674.457800000288
0.64,[Alternate] Trench Trader 1,-500.18357200000014,30800.0,330.8536,0,308,-169.32997200000017
0.64,[Alternate] Trench Trader 2,-135.817266,8300.0,89.15859999999999,0,83,-46.658666
0.64,[Alternate] Trench Trader 3,-30.2936,2000.0,21.483999999999998,0,20,-8.809600000000003
0.64,[Alternate] Trench Trader 4,-8.592548999999998,700.0,7.5194,0,7,-1.0731489999999981
0.64,[Alternate] Trench Trader 5,-2.68938,200.0,2.1484,0,2,-0.5409799999999998
0.64,[Alternate] Momentum Monkey V1 1,-131.32079999999894,4500.0,48.339,14450,14495,-82.98179999999894
0.64,[Alternate] Momentum Monkey V1 2,-21.383899999999993,1200.0,12.8904,60,72,-8.493499999999994
0.64,[Alternate] Momentum Monkey V1 3,-1.9849999999999999,100.0,1.0742,0,1,-0.9107999999999998
0.64,[Alternate] Momentum Monkey V1 4,0.0,0.0,0.0,0,0,0.0
0.64,[Alternate] Momentum Monkey V1 5,0.0,0.0,0.0,0,0,0.0
0.64,[Alternate] Momentum Monkey V2 1,-63049.77239999996,5022000.0,53946.324,5325,55545,-9103.448399999957
0.64,[Alternate] Momentum Monkey V2 2,-259.97149999999715,15000.0,161.13,28790,28940,-98.84149999999715
0.64,[Alternate] Momentum Monkey V2 3,-233.00509999999832,8500.0,91.307,13845,13930,-141.6980999999983
0.64,[Alternate] Momentum Monkey V2 4,-115.88020000000003,2300.0,24.706599999999998,4539,4562,-91.17360000000004
0.64,[Alternate] Momentum Monkey V2 5,-80.88760000000009,4900.0,52.635799999999996,844,893,-28.251800000000095
0.64,[Alternate] Momentum Monkey V3 1,-73550.67250000003,5895500.0,63329.460999999996,958,59913,-10221.211500000034
0.64,[Alternate] Momentum Monkey V3 2,-63049.77239999996,5022000.0,53946.324,5325,55545,-9103.448399999957
0.64,[Alternate] Momentum Monkey V3 3,-259.97149999999715,15000.0,161.13,28790,28940,-98.84149999999715
0.64,[Alternate] Momentum Monkey V3 4,-259.97149999999715,15000.0,161.13,28790,28940,-98.84149999999715
0.64,[Alternate] Momentum Monkey V3 5,-259.97149999999715,15000.0,161.13,28790,28940,-98.84149999999715
0.64,Long Term Trader,-0.4786,100.0,1.0742,0,1,0.5956
0.64,Feel Trader,-7802.779985999982,618300.0,6641.7786,0,6183,-1161.0013859999826
0.64,Trench Trader,-3010.9584779999973,207500.0,2228.965,0,2075,-781.9934779999971
0.64,Momentum Monkey V1,-16.71950000000005,-200.0,-2.1484,704,702,-18.86790000000005
0.64,Momentum Monkey V2,-73550.67250000003,5895500.0,63329.460999999996,958,59913,-10221.211500000034
0.64,Momentum Monkey V3,-73550.67250000003,5895500.0,63329.460999999996,958,59913,-10221.211500000034
0.65,[Alternate] Trench Trader 1,-501.29979200000014,30900.0,324.2646,0,309,-177.03519200000017
0.65,[Alternate] Trench Trader 2,-135.817266,8300.0,87.1002,0,83,-48.71706599999999
0.65,[Alternate] Trench Trader 3,-30.2936,2000.0,20.988,0,20,-9.305600000000002
0.65,[Alternate] Trench Trader 4,-8.592548999999998,700.0,7.3458,0,7,-1.2467489999999986
0.65,[Alternate] Trench Trader 5,-2.68938,200.0,2.0987999999999998,0,2,-0.5905800000000001
0.65,[Alternate] Momentum Monkey V1 1,-121.71479999999916,3600.0,37.7784,14659,14695,-83.93639999999917
0.65,[Alternate] Momentum Monkey V1 2,-22.469399999999993,1300.0,13.642199999999999,60,73,-8.827199999999994
0.65,[Alternate] Momentum Monkey V1 3,-1.9849999999999999,100.0,1.0493999999999999,0,1,-0.9356
0.65,[Alternate] Momentum Monkey V1 4,0.0,0.0,0.0,0,0,0.0
0.65,[Alternate] Momentum Monkey V1 5,0.0,0.0,0.0,0,0,0.0
0.65,[Alternate] Momentum Monkey V2 1,-63807.908799999925,5091700.0,53432.2998,5433,56350,-10375.608999999924
0.65,[Alternate] Momentum Monkey V2 2,-242.7308999999968,13400.0,140.6196,29248,29382,-102.11129999999682
0.65,[Alternate] Momentum Monkey V2 3,-216.65699999999828,6900.0,72.40859999999999,14099,14168,-144.2483999999983
0.65,[Alternate] Momentum Monkey V2 4,-121.71690000000005,2800.0,29.3832,4599,4627,-92.33370000000005
0.65,[Alternate] Momentum Monkey V2 5,-82.18420000000006,5000.0,52.47,853,903,-29.714200000000062
0.65,[Alternate] Momentum Monkey V3 1,-74523.54049999999,5985000.0,62806.59,967,60817,-11716.950499999992
0.65,[Alternate] Momentum Monkey V3 2,-63807.908799999925,5091700.0,53432.2998,5433,56350,-10375.608999999924
0.65,[Alternate] Momentum Monkey V3 3,-242.7308999999968,13400.0,140.6196,29248,29382,-102.11129999999682
0.65,[Alternate] Momentum Monkey V3 4,-242.7308999999968,13400.0,140.6196,29248,29382,-102.11129999999682
0.65,[Alternate] Momentum Monkey V3 5,-242.7308999999968,13400.0,140.6196,29248,29382,-102.11129999999682
0.65,Long Term Trader,-0.4786,100.0,1.0493999999999999,0,1,0.5707999999999999
0.65,Feel Trader,-7903.883185999984,627600.0,6586.0344,0,6276,-1317.848785999984
0.65,Trench Trader,-3016.513664999997,208000.0,2182.752,0,2080,-833.7616649999973
0.65,Momentum Monkey V1,-18.00270000000005,-100.0,-1.0493999999999999,712,711,-19.05210000000005
0.65,Momentum Monkey V2,-74523.54049999999,5985000.0,62806.59,967,60817,-11716.950499999992
0.65,Momentum Monkey V3,-74523.54049999999,5985000.0,62806.59,967,60817,-11716.950499999992
0.66,[Alternate] Trench Trader 1,-501.29979200000014,30900.0,309.618,0,309,-191.68179200000014
0.66,[Alternate] Trench Trader 2,-135.817266,8300.0,83.166,0,83,-52.65126599999999
0.66,[Alternate] Trench Trader 3,-30.2936,2000.0,20.04,0,20,-10.253600000000002
0.66,[Alternate] Trench Trader 4,-8.592548999999998,700.0,7.013999999999999,0,7,-1.5785489999999989
0.66,[Alternate] Trench Trader 5,-2.68938,200.0,2.004,0,2,-0.6853799999999999
0.66,[Alternate] Momentum Monkey V1 1,-144.59749999999894,5800.0,58.116,14864,14922,-86.48149999999895
0.66,[Alternate] Momentum Monkey V1 2,-22.469399999999993,1300.0,13.026,60,73,-9.443399999999993
0.66,[Alternate] Momentum Monkey V1 3,-1.9849999999999999,100.0,1.002,0,1,-0.9829999999999999
0.66,[Alternate] Momentum Monkey V1 4,0.0,0.0,0.0,0,0,0.0
0.66,[Alternate] Momentum Monkey V1 5,0.0,0.0,0.0,0,0,0.0
0.66,[Alternate] Momentum Monkey V2 1,-64552.78199999993,5164300.0,51746.286,5532,57175,-12806.495999999926
0.66,[Alternate] Momentum Monkey V2 2,-281.07269999999716,17000.0,170.34,29669,29839,-110.73269999999715
0.66,[Alternate] Momentum Monkey V2 3,-251.46099999999802,10200.0,102.204,14321,14423,-149.25699999999802
0.66,[Alternate] Momentum Monkey V2 4,-134.76050000000004,4100.0,41.082,4665,4706,-93.67850000000004
0.66,[Alternate] Momentum Monkey V2 5,-73.15570000000005,4100.0,41.082,872,913,-32.07370000000005
0.66,[Alternate] Momentum Monkey V3 1,-75430.79249999991,6073600.0,60857.471999999994,986,61722,-14573.320499999914
0.66,[Alternate] Momentum Monkey V3 2,-64552.78199999993,5164300.0,51746.286,5532,57175,-12806.495999999926
0.66,[Alternate] Momentum Monkey V3 3,-281.07269999999716,17000.0,170.34,29669,29839,-110.73269999999715
0.66,[Alternate] Momentum Monkey V3 4,-281.07269999999716,17000.0,170.34,29669,29839,-110.73269999999715
0.66,[Alternate] Momentum Monkey V3 5,-281.07269999999716,17000.0,170.34,29669,29839,-110.73269999999715
0.66,Long Term Trader,-0.4786,100.0,1.002,0,1,0.5234
0.66,Feel Trader,-7986.584404999986,635700.0,6369.714,0,6357,-1616.870404999986
0.66,Trench Trader,-3024.4125779999977,208800.0,2092.176,0,2088,-932.2365779999977
0.66,Momentum Monkey V1,-20.854000000000052,200.0,2.004,723,725,-18.85000000000005
0.66,Momentum Monkey V2,-75430.79249999991,6073600.0,60857.471999999994,986,61722,-14573.320499999914
0.66,Momentum Monkey V3,-75430.79249999991,6073600.0,60857.471999999994,986,61722,-14573.320499999914
0.67,[Alternate] Trench Trader 1,-511.0204120000001,31700.0,392.2241,0,317,-118.79631200000006
0.67,[Alternate] Trench Trader 2,-138.24527299999997,8500.0,105.1705,0,85,-33.074772999999965
0.67,[Alternate] Trench Trader 3,-30.2936,2000.0,24.746000000000002,0,20,-5.547599999999999
0.67,[Alternate] Trench Trader 4,-8.592548999999998,700.0,8.6611,0,7,0.06855100000000114
0.67,[Alternate] Trench Trader 5,-2.68938,200.0,2.4746,0,2,-0.21477999999999975
0.67,[Alternate] Momentum Monkey V1 1,-171.98479999999904,8200.0,101.4586,15066,15148,-70.52619999999904
0.67,[Alternate] Momentum Monkey V1 2,-22.469399999999993,1300.0,16.0849,60,73,-6.384499999999992
0.67,[Alternate] Momentum Monkey V1 3,-1.9849999999999999,100.0,1.2373,0,1,-0.7476999999999998
0.67,[Alternate] Momentum Monkey V1 4,0.0,0.0,0.0,0,0,0.0
0.67,[Alternate] Momentum Monkey V1 5,0.0,0.0,0.0,0,0,0.0
0.67,[Alternate] Momentum Monkey V2 1,-65527.03829999996,5250700.0,64966.911100000005,5574,58081,-560.1271999999517
0.67,[Alternate] Momentum Monkey V2 2,-370.17999999999677,25200.0,311.7996,30102,30354,-58.38039999999677
0.67,[Alternate] Momentum Monkey V2 3,-287.80089999999785,13500.0,167.0355,14516,14651,-120.76539999999784
0.67,[Alternate] Momentum Monkey V2 4,-157.23189999999994,5900.0,73.0007,4707,4766,-84.23119999999994
0.67,[Alternate] Momentum Monkey V2 5,-77.39420000000005,4400.0,54.4412,879,923,-22.953000000000053
0.67,[Alternate] Momentum Monkey V3 1,-76483.46640000006,6167000.0,76304.291,993,62663,-179.17540000006557
0.67,[Alternate] Momentum Monkey V3 2,-65527.03829999996,5250700.0,64966.911100000005,5574,58081,-560.1271999999517
0.67,[Alternate] Momentum Monkey V3 3,-370.17999999999677,25200.0,311.7996,30102,30354,-58.38039999999677
0.67,[Alternate] Momentum Monkey V3 4,-370.17999999999677,25200.0,311.7996,30102,30354,-58.38039999999677
0.67,[Alternate] Momentum Monkey V3 5,-370.17999999999677,25200.0,311.7996,30102,30354,-58.38039999999677
0.67,Long Term Trader,-0.4786,100.0,1.2373,0,1,0.7587
0.67,Feel Trader,-8073.049624999984,643300.0,7959.5509,0,6433,-113.498724999984
0.67,Trench Trader,-3054.5089739999976,211300.0,2614.4149,0,2113,-440.09407399999736
0.67,Momentum Monkey V1,-26.02720000000005,600.0,7.4238,726,732,-18.60340000000005
0.67,Momentum Monkey V2,-76483.46640000006,6167000.0,76304.291,993,62663,-179.17540000006557
0.67,Momentum Monkey V3,-76483.46640000006,6167000.0,76304.291,993,62663,-179.17540000006557
0.68,[Alternate] Trench Trader 1,-516.064472,32100.0,413.22330000000005,0,321,-102.84117199999997
0.68,[Alternate] Trench Trader 2,-139.51092899999998,8600.0,110.7078,0,86,-28.80312899999997
0.68,[Alternate] Trench Trader 3,-31.533160000000002,2100.0,27.0333,0,21,-4.499860000000002
0.68,[Alternate] Trench Trader 4,-9.806012999999998,800.0,10.2984,0,8,0.4923870000000026
0.68,[Alternate] Trench Trader 5,-2.68938,200.0,2.5746,0,2,-0.11477999999999966
0.68,[Alternate] Momentum Monkey V1 1,-185.538699999999,9200.0,118.4316,15302,15394,-67.10709999999901
0.68,[Alternate] Momentum Monkey V1 2,-22.469399999999993,1300.0,16.7349,60,73,-5.7344999999999935
0.68,[Alternate] Momentum Monkey V1 3,-1.9849999999999999,100.0,1.2873,0,1,-0.6976999999999998
0.68,[Alternate] Momentum Monkey V1 4,0.0,0.0,0.0,0,0,0.0
0.68,[Alternate] Momentum Monkey V1 5,0.0,0.0,0.0,0,0,0.0
0.68,[Alternate] Momentum Monkey V2 1,-66618.24100000001,5334600.0,68672.3058,5638,58984,2054.064799999993
0.68,[Alternate] Momentum Monkey V2 2,-376.50129999999757,25700.0,330.83610000000004,30583,30840,-45.665199999997526
0.68,[Alternate] Momentum Monkey V2 3,-304.55519999999797,14700.0,189.2331,14728,14875,-115.32209999999796
0.68,[Alternate] Momentum Monkey V2 4,-184.2147999999998,7900.0,101.6967,4771,4850,-82.51809999999979
0.68,[Alternate] Momentum Monkey V2 5,-90.45760000000003,5400.0,69.5142,889,943,-20.943400000000025
0.68,[Alternate] Momentum Monkey V3 1,-77713.67790000007,6261700.0,80606.8641,1003,63620,2893.1861999999383
0.68,[Alternate] Momentum Monkey V3 2,-66618.24100000001,5334600.0,68672.3058,5638,58984,2054.064799999993
0.68,[Alternate] Momentum Monkey V3 3,-376.50129999999757,25700.0,330.83610000000004,30583,30840,-45.665199999997526
0.68,[Alternate] Momentum Monkey V3 4,-376.50129999999757,25700.0,330.83610000000004,30583,30840,-45.665199999997526
0.68,[Alternate] Momentum Monkey V3 5,-376.50129999999757,25700.0,330.83610000000004,30583,30840,-45.665199999997526
0.68,Long Term Trader,-0.4786,100.0,1.2873,0,1,0.8087000000000001
0.68,Feel Trader,-8204.29460999998,653400.0,8411.218200000001,0,6534,206.92359000002034
0.68,Trench Trader,-3095.757521999998,214500.0,2761.2585000000004,0,2145,-334.4990219999977
0.68,Momentum Monkey V1,-36.54460000000005,1400.0,18.0222,735,749,-18.52240000000005
0.68,Momentum Monkey V2,-77713.67790000007,6261700.0,80606.8641,1003,63620,2893.1861999999383
0.68,Momentum Monkey V3,-77713.67790000007,6261700.0,80606.8641,1003,63620,2893.1861999999383
0.69,[Alternate] Trench Trader 1,-531.740258,33200.0,472.934,0,332,-58.806258000000014
0.69,[Alternate] Trench Trader 2,-142.425197,8800.0,125.35600000000001,0,88,-17.06919699999999
0.69,[Alternate] Trench Trader 3,-33.10313,2200.0,31.339000000000002,0,22,-1.764129999999998
0.69,[Alternate] Trench Trader 4,-9.806012999999998,800.0,11.396,0,8,1.5899870000000025
0.69,[Alternate] Trench Trader 5,-2.68938,200.0,2.849,0,2,0.15962000000000032
0.69,[Alternate] Momentum Monkey V1 1,-185.27019999999905,9100.0,129.6295,15527,15618,-55.64069999999904
0.69,[Alternate] Momentum Monkey V1 2,-22.469399999999993,1300.0,18.5185,60,73,-3.9508999999999936
0.69,[Alternate] Momentum Monkey V1 3,-1.9849999999999999,100.0,1.4245,0,1,-0.5604999999999998
0.69,[Alternate] Momentum Monkey V1 4,0.0,0.0,0.0,0,0,0.0
0.69,[Alternate] Momentum Monkey V1 5,0.0,0.0,0.0,0,0,0.0
0.69,[Alternate] Momentum Monkey V2 1,-67878.46399999995,5419800.0,77205.051,5697,59895,9326.587000000058
0.69,[Alternate] Momentum Monkey V2 2,-377.3514999999977,25500.0,363.2475,31069,31324,-14.103999999997711
0.69,[Alternate] Momentum Monkey V2 3,-260.50249999999846,11600.0,165.24200000000002,14959,15075,-95.26049999999844
0.69,[Alternate] Momentum Monkey V2 4,-184.19239999999962,7800.0,111.111,4830,4908,-73.08139999999962
0.69,[Alternate] Momentum Monkey V2 5,-83.61470000000003,4900.0,69.8005,899,948,-13.814200000000028
0.69,[Alternate] Momentum Monkey V3 1,-79117.25209999995,6356700.0,90551.1915,1013,64580,11433.939400000047
0.69,[Alternate] Momentum Monkey V3 2,-67878.46399999995,5419800.0,77205.051,5697,59895,9326.587000000058
0.69,[Alternate] Momentum Monkey V3 3,-377.3514999999977,25500.0,363.2475,31069,31324,-14.103999999997711
0.69,[Alternate] Momentum Monkey V3 4,-377.3514999999977,25500.0,363.2475,31069,31324,-14.103999999997711
0.69,[Alternate] Momentum Monkey V3 5,-377.3514999999977,25500.0,363.2475,31069,31324,-14.103999999997711
0.69,Long Term Trader,-0.4786,100.0,1.4245,0,1,0.9459000000000001
0.69,Feel Trader,-8335.590759999983,662300.0,9434.4635,0,6623,1098.872740000017
0.69,Trench Trader,-3181.373810999999,220400.0,3139.598,0,2204,-41.77581099999907
0.69,Momentum Monkey V1,-29.427300000000052,900.0,12.820500000000001,742,751,-16.60680000000005
0.69,Momentum Monkey V2,-79117.25209999995,6356700.0,90551.1915,1013,64580,11433.939400000047
0.69,Momentum Monkey V3,-79117.25209999995,6356700.0,90551.1915,1013,64580,11433.939400000047
0.7,[Alternate] Trench Trader 1,-539.9888199999999,33700.0,500.8157,0,337,-39.173119999999926
0.7,[Alternate] Trench Trader 2,-144.114258,8900.0,132.2629,0,89,-11.851358000000005
0.7,[Alternate] Trench Trader 3,-33.10313,2200.0,32.694199999999995,0,22,-0.4089300000000051
0.7,[Alternate] Trench Trader 4,-9.806012999999998,800.0,11.8888,0,8,2.0827870000000015
0.7,[Alternate] Trench Trader 5,-2.68938,200.0,2.9722,0,2,0.28282000000000007
0.7,[Alternate] Momentum Monkey V1 1,-195.6099999999989,9600.0,142.66559999999998,15759,15855,-52.94439999999892
0.7,[Alternate] Momentum Monkey V1 2,-22.469399999999993,1300.0,19.3193,60,73,-3.150099999999995
0.7,[Alternate] Momentum Monkey V1 3,-1.9849999999999999,100.0,1.4861,0,1,-0.4988999999999999
0.7,[Alternate] Momentum Monkey V1 4,0.0,0.0,0.0,0,0,0.0
0.7,[Alternate] Momentum Monkey V1 5,0.0,0.0,0.0,0,0,0.0
0.7,[Alternate] Momentum Monkey V2 1,-69098.76439999999,5501700.0,81760.7637,5776,60793,12661.99930000001
0.7,[Alternate] Momentum Monkey V2 2,-420.6676999999973,28000.0,416.108,31545,31825,-4.559699999997292
0.7,[Alternate] Momentum Monkey V2 3,-309.8982999999988,14600.0,216.9706,15199,15345,-92.92769999999882
0.7,[Alternate] Momentum Monkey V2 4,-208.93919999999943,9200.0,136.72119999999998,4909,5001,-72.21799999999945
0.7,[Alternate] Momentum Monkey V2 5,-93.8589,5500.0,81.7355,910,965,-12.123400000000004
0.7,[Alternate] Momentum Monkey V3 1,-80537.05690000008,6452200.0,95886.1442,1024,65546,15349.087299999912
0.7,[Alternate] Momentum Monkey V3 2,-69098.76439999999,5501700.0,81760.7637,5776,60793,12661.99930000001
0.7,[Alternate] Momentum Monkey V3 3,-420.6676999999973,28000.0,416.108,31545,31825,-4.559699999997292
0.7,[Alternate] Momentum Monkey V3 4,-420.6676999999973,28000.0,416.108,31545,31825,-4.559699999997292
0.7,[Alternate] Momentum Monkey V3 5,-420.6676999999973,28000.0,416.108,31545,31825,-4.559699999997292
0.7,Long Term Trader,-0.4786,100.0,1.4861,0,1,1.0074999999999998
0.7,Feel Trader,-8505.729902999978,673600.0,10010.3696,0,6736,1504.6396970000224
0.7,Trench Trader,-3278.087109,226700.0,3368.9887,0,2267,90.90159099999983
0.7,Momentum Monkey V1,-32.77440000000006,1100.0,16.347099999999998,751,762,-16.42730000000006
0.7,Momentum Monkey V2,-80537.05690000008,6452200.0,95886.1442,1024,65546,15349.087299999912
0.7,Momentum Monkey V3,-80537.05690000008,6452200.0,95886.1442,1024,65546,15349.087299999912
0.71,[Alternate] Trench Trader 1,-541.611602,33800.0,543.166,0,338,1.5543980000001056
0.71,[Alternate] Trench Trader 2,-145.720481,9000.0,144.63,0,90,-1.0904810000000111
0.71,[Alternate] Trench Trader 3,-33.10313,2200.0,35.354,0,22,2.250869999999999
0.71,[Alternate] Trench Trader 4,-9.806012999999998,800.0,12.856000000000002,0,8,3.0499870000000033
0.71,[Alternate] Trench Trader 5,-2.68938,200.0,3.2140000000000004,0,2,0.5246200000000005
0.71,[Alternate] Momentum Monkey V1 1,-200.75899999999885,9900.0,159.09300000000002,15985,16084,-41.66599999999883
0.71,[Alternate] Momentum Monkey V1 2,-22.469399999999993,1300.0,20.891000000000002,60,73,-1.5783999999999914
0.71,[Alternate] Momentum Monkey V1 3,-1.9849999999999999,100.0,1.6070000000000002,0,1,-0.37799999999999967
0.71,[Alternate] Momentum Monkey V1 4,0.0,0.0,0.0,0,0,0.0
0.71,[Alternate] Momentum Monkey V1 5,0.0,0.0,0.0,0,0,0.0
0.71,[Alternate] Momentum Monkey V2 1,-70477.48639999985,5587700.0,89794.339,5821,61698,19316.85260000016
0.71,[Alternate] Momentum Monkey V2 2,-377.35409999999763,25200.0,404.964,32034,32286,27.60990000000237
0.71,[Alternate] Momentum Monkey V2 3,-288.9043999999992,13200.0,212.12400000000002,15433,15565,-76.78039999999919
0.71,[Alternate] Momentum Monkey V2 4,-255.4167999999994,12100.0,194.447,4954,5075,-60.969799999999395
0.71,[Alternate] Momentum Monkey V2 5,-103.3037,6100.0,98.027,913,974,-5.276700000000005
0.71,[Alternate] Momentum Monkey V3 1,-82050.28810000006,6546600.0,105203.86200000001,1027,66493,23153.573899999945
0.71,[Alternate] Momentum Monkey V3 2,-70477.48639999985,5587700.0,89794.339,5821,61698,19316.85260000016
0.71,[Alternate] Momentum Monkey V3 3,-377.35409999999763,25200.0,404.964,32034,32286,27.60990000000237
0.71,[Alternate] Momentum Monkey V3 4,-377.35409999999763,25200.0,404.964,32034,32286,27.60990000000237
0.71,[Alternate] Momentum Monkey V3 5,-377.35409999999763,25200.0,404.964,32034,32286,27.60990000000237
0.71,Long Term Trader,-0.4786,100.0,1.6070000000000002,0,1,1.1284
0.71,Feel Trader,-8659.624870999978,683200.0,10979.024000000001,0,6832,2319.399129000023
0.71,Trench Trader,-3314.289626999999,228900.0,3678.4230000000002,0,2289,364.13337300000103
0.71,Momentum Monkey V1,-41.00660000000005,1600.0,25.712000000000003,754,770,-15.294600000000045
0.71,Momentum Monkey V2,-82050.28810000006,6546600.0,105203.86200000001,1027,66493,23153.573899999945
0.71,Momentum Monkey V3,-82050.28810000006,6546600.0,105203.86200000001,1027,66493,23153.573899999945
0.72,[Alternate] Trench Trader 1,-541.611602,33800.0,485.30039999999997,0,338,-56.31120199999998
0.72,[Alternate] Trench Trader 2,-145.720481,9000.0,129.22199999999998,0,90,-16.498481000000027
0.72,[Alternate] Trench Trader 3,-33.10313,2200.0,31.5876,0,22,-1.5155300000000018
0.72,[Alternate] Trench Trader 4,-9.806012999999998,800.0,11.4864,0,8,1.6803870000000014
0.72,[Alternate] Trench Trader 5,-2.68938,200.0,2.8716,0,2,0.18222000000000005
0.72,[Alternate] Momentum Monkey V1 1,-130.1647999999991,5300.0,76.0974,16236,16289,-54.06739999999911
0.72,[Alternate] Momentum Monkey V1 2,-20.961299999999994,1200.0,17.229599999999998,62,74,-3.7316999999999965
0.72,[Alternate] Momentum Monkey V1 3,-1.9849999999999999,100.0,1.4358,0,1,-0.5491999999999999
0.72,[Alternate] Momentum Monkey V1 4,0.0,0.0,0.0,0,0,0.0
0.72,[Alternate] Momentum Monkey V1 5,0.0,0.0,0.0,0,0,0.0
0.72,[Alternate] Momentum Monkey V2 1,-71642.26919999991,5663400.0,81315.09719999999,5922,62556,9672.828000000081
0.72,[Alternate] Momentum Monkey V2 2,-267.98349999999755,17900.0,257.0082,32550,32729,-10.97529999999756
0.72,[Alternate] Momentum Monkey V2 3,-228.19139999999908,9300.0,133.52939999999998,15652,15745,-94.6619999999991
0.72,[Alternate] Momentum Monkey V2 4,-164.34839999999954,6200.0,89.0196,5055,5117,-75.32879999999955
0.72,[Alternate] Momentum Monkey V2 5,-76.77190000000004,4400.0,63.1752,936,980,-13.596700000000048
0.72,[Alternate] Momentum Monkey V3 1,-83455.0495000001,6637900.0,95306.96819999999,1050,67429,11851.918699999893
0.72,[Alternate] Momentum Monkey V3 2,-71642.26919999991,5663400.0,81315.09719999999,5922,62556,9672.828000000081
0.72,[Alternate] Momentum Monkey V3 3,-267.98349999999755,17900.0,257.0082,32550,32729,-10.97529999999756
0.72,[Alternate] Momentum Monkey V3 4,-267.98349999999755,17900.0,257.0082,32550,32729,-10.97529999999756
0.72,[Alternate] Momentum Monkey V3 5,-267.98349999999755,17900.0,257.0082,32550,32729,-10.97529999999756
0.72,Long Term Trader,-0.4786,100.0,1.4358,0,1,0.9571999999999999
0.72,Feel Trader,-8778.520370999975,690900.0,9919.9422,0,6909,1141.4218290000244
0.72,Trench Trader,-3317.1602309999994,229100.0,3289.4177999999997,0,2291,-27.74243099999967
0.72,Momentum Monkey V1,-34.87330000000004,1200.0,17.229599999999998,766,778,-17.643700000000045
0.72,Momentum Monkey V2,-83455.0495000001,6637900.0,95306.96819999999,1050,67429,11851.918699999893
0.72,Momentum Monkey V3,-83455.0495000001,6637900.0,95306.96819999999,1050,67429,11851.918699999893
0.73,[Alternate] Trench Trader 1,-544.2448619999999,34000.0,459.782,0,340,-84.46286199999992
0.73,[Alternate] Trench Trader 2,-147.036674,9100.0,123.05930000000001,0,91,-23.977373999999998
0.73,[Alternate] Trench Trader 3,-33.10313,2200.0,29.750600000000002,0,22,-3.352529999999998
0.73,[Alternate] Trench Trader 4,-9.806012999999998,800.0,10.8184,0,8,1.0123870000000021
0.73,[Alternate] Trench Trader 5,-2.68938,200.0,2.7046,0,2,0.015220000000000233
0.73,[Alternate] Momentum Monkey V1 1,-126.10579999999916,4900.0,66.2627,16456,16505,-59.84309999999917
0.73,[Alternate] Momentum Monkey V1 2,-26.580399999999994,1600.0,21.6368,62,78,-4.943599999999993
0.73,[Alternate] Momentum Monkey V1 3,-1.9849999999999999,100.0,1.3523,0,1,-0.6326999999999998
0.73,[Alternate] Momentum Monkey V1 4,0.0,0.0,0.0,0,0,0.0
0.73,[Alternate] Momentum Monkey V1 5,0.0,0.0,0.0,0,0,0.0
0.73,[Alternate] Momentum Monkey V2 1,-72768.34589999978,5745400.0,77695.0442,5990,63444,4926.698300000222
0.73,[Alternate] Momentum Monkey V2 2,-237.23059999999757,15500.0,209.6065,33019,33174,-27.624099999997554
0.73,[Alternate] Momentum Monkey V2 3,-238.306699999999,9900.0,133.8777,15882,15981,-104.42899999999901
0.73,[Alternate] Momentum Monkey V2 4,-176.96989999999946,7000.0,94.661,5123,5193,-82.30889999999945
0.73,[Alternate] Momentum Monkey V2 5,-98.04210000000003,5900.0,79.7857,941,1000,-18.256400000000028
0.73,[Alternate] Momentum Monkey V3 1,-84752.65619999991,6732500.0,91043.5975,1055,68380,6290.941300000093
0.73,[Alternate] Momentum Monkey V3 2,-72768.34589999978,5745400.0,77695.0442,5990,63444,4926.698300000222
0.73,[Alternate] Momentum Monkey V3 3,-237.23059999999757,15500.0,209.6065,33019,33174,-27.624099999997554
0.73,[Alternate] Momentum Monkey V3 4,-237.23059999999757,15500.0,209.6065,33019,33174,-27.624099999997554
0.73,[Alternate] Momentum Monkey V3 5,-237.23059999999757,15500.0,209.6065,33019,33174,-27.624099999997554
0.73,Long Term Trader,-0.4786,100.0,1.3523,0,1,0.8737
0.73,Feel Trader,-8901.943111999979,699900.0,9464.7477,0,6999,562.8045880000209
0.73,Trench Trader,-3332.2634729999995,230200.0,3112.9946,0,2302,-219.26887299999953
0.73,Momentum Monkey V1,-47.556900000000056,2100.0,28.3983,772,793,-19.158600000000057
0.73,Momentum Monkey V2,-84752.65619999991,6732500.0,91043.5975,1055,68380,6290.941300000093
0.73,Momentum Monkey V3,-84752.65619999991,6732500.0,91043.5975,1055,68380,6290.941300000093
0.74,[Alternate] Trench Trader 1,-545.7294639999999,34100.0,511.8069,0,341,-33.92256399999991
0.74,[Alternate] Trench Trader 2,-147.036674,9100.0,136.5819,0,91,-10.454774000000015
0.74,[Alternate] Trench Trader 3,-33.10313,2200.0,33.0198,0,22,-0.08333000000000368
0.74,[Alternate] Trench Trader 4,-9.806012999999998,800.0,12.0072,0,8,2.201187000000001
0.74,[Alternate] Trench Trader 5,-2.68938,200.0,3.0018,0,2,0.3124199999999999
0.74,[Alternate] Momentum Monkey V1 1,-155.36159999999907,6900.0,103.5621,16667,16736,-51.79949999999907
0.74,[Alternate] Momentum Monkey V1 2,-28.120699999999996,1700.0,25.5153,63,80,-2.605399999999996
0.74,[Alternate] Momentum Monkey V1 3,-1.9849999999999999,100.0,1.5009,0,1,-0.4841
0.74,[Alternate] Momentum Monkey V1 4,0.0,0.0,0.0,0,0,0.0
0.74,[Alternate] Momentum Monkey V1 5,0.0,0.0,0.0,0,0,0.0
0.74,[Alternate] Momentum Monkey V2 1,-73998.45899999977,5831600.0,87526.4844,6042,64358,13528.025400000231
0.74,[Alternate] Momentum Monkey V2 2,-351.8098999999978,23300.0,349.7097,33457,33690,-2.1001999999978125
0.74,[Alternate] Momentum Monkey V2 3,-330.0908999999988,16300.0,244.6467,16058,16221,-85.44419999999877
0.74,[Alternate] Momentum Monkey V2 4,-218.55759999999947,9900.0,148.5891,5175,5274,-69.96849999999947
0.74,[Alternate] Momentum Monkey V2 5,-96.91470000000004,5800.0,87.0522,952,1010,-9.86250000000004
0.74,[Alternate] Momentum Monkey V3 1,-86100.73449999996,6826900.0,102464.9421,1066,69335,16364.207600000038
0.74,[Alternate] Momentum Monkey V3 2,-73998.45899999977,5831600.0,87526.4844,6042,64358,13528.025400000231
0.74,[Alternate] Momentum Monkey V3 3,-351.8098999999978,23300.0,349.7097,33457,33690,-2.1001999999978125
0.74,[Alternate] Momentum Monkey V3 4,-351.8098999999978,23300.0,349.7097,33457,33690,-2.1001999999978125
0.74,[Alternate] Momentum Monkey V3 5,-351.8098999999978,23300.0,349.7097,33457,33690,-2.1001999999978125
0.74,Long Term Trader,-0.4786,100.0,1.5009,0,1,1.0223
0.74,Feel Trader,-9021.86002799998,708300.0,10630.8747,0,7083,1609.0146720000212
0.74,Trench Trader,-3344.2494029999993,231000.0,3467.0789999999997,0,2310,122.82959700000038
0.74,Momentum Monkey V1,-50.983700000000056,2300.0,34.5207,781,804,-16.463000000000058
0.74,Momentum Monkey V2,-86100.73449999996,6826900.0,102464.9421,1066,69335,16364.207600000038
0.74,Momentum Monkey V3,-86100.73449999996,6826900.0,102464.9421,1066,69335,16364.207600000038
0.75,[Alternate] Trench Trader 1,-545.7294639999999,34100.0,506.82829999999996,0,341,-38.90116399999994
0.75,[Alternate] Trench Trader 2,-147.036674,9100.0,135.2533,0,91,-11.78337400000001
0.75,[Alternate] Trench Trader 3,-33.10313,2200.0,32.6986,0,22,-0.40453000000000117
0.75,[Alternate] Trench Trader 4,-9.806012999999998,800.0,11.8904,0,8,2.0843870000000013
0.75,[Alternate] Trench Trader 5,-2.68938,200.0,2.9726,0,2,0.28322
0.75,[Alternate] Momentum Monkey V1 1,-164.97839999999923,7500.0,111.4725,16897,16972,-53.50589999999923
0.75,[Alternate] Momentum Monkey V1 2,-32.5359,2000.0,29.726,64,84,-2.809899999999999
0.75,[Alternate] Momentum Monkey V1 3,-1.9849999999999999,100.0,1.4863,0,1,-0.4986999999999999
0.75,[Alternate] Momentum Monkey V1 4,0.0,0.0,0.0,0,0,0.0
0.75,[Alternate] Momentum Monkey V1 5,0.0,0.0,0.0,0,0,0.0
0.75,[Alternate] Momentum Monkey V2 1,-75149.33459999986,5909200.0,87828.4396,6121,65213,12679.105000000141
0.75,[Alternate] Momentum Monkey V2 2,-323.9493999999977,21300.0,316.58189999999996,33929,34142,-7.367499999997733
0.75,[Alternate] Momentum Monkey V2 3,-366.78939999999847,18700.0,277.93809999999996,16265,16452,-88.8512999999985
0.75,[Alternate] Momentum Monkey V2 4,-221.78579999999945,10100.0,150.1163,5254,5355,-71.66949999999946
0.75,[Alternate] Momentum Monkey V2 5,-104.3244,6300.0,93.6369,971,1034,-10.6875
0.75,[Alternate] Momentum Monkey V3 1,-87429.27089999994,6916500.0,102799.9395,1085,70250,15370.668600000048
0.75,[Alternate] Momentum Monkey V3 2,-75149.33459999986,5909200.0,87828.4396,6121,65213,12679.105000000141
0.75,[Alternate] Momentum Monkey V3 3,-323.9493999999977,21300.0,316.58189999999996,33929,34142,-7.367499999997733
0.75,[Alternate] Momentum Monkey V3 4,-323.9493999999977,21300.0,316.58189999999996,33929,34142,-7.367499999997733
0.75,[Alternate] Momentum Monkey V3 5,-323.9493999999977,21300.0,316.58189999999996,33929,34142,-7.367499999997733
0.75,Long Term Trader,-0.4786,100.0,1.4863,0,1,1.0076999999999998
0.75,Feel Trader,-9153.811231999978,717200.0,10659.7436,0,7172,1505.9323680000216
0.75,Trench Trader,-3347.2289069999993,231200.0,3436.3255999999997,0,2312,89.09669300000041
0.75,Momentum Monkey V1,-59.882100000000015,2900.0,43.1027,792,821,-16.779400000000017
0.75,Momentum Monkey V2,-87429.27089999994,6916500.0,102799.9395,1085,70250,15370.668600000048
0.75,Momentum Monkey V3,-87429.27089999994,6916500.0,102799.9395,1085,70250,15370.668600000048
0.76,[Alternate] Trench Trader 1,-545.7294639999999,34100.0,477.2636,0,341,-68.4658639999999
0.76,[Alternate] Trench Trader 2,-147.036674,9100.0,127.36359999999999,0,91,-19.673074000000014
0.76,[Alternate] Trench Trader 3,-33.10313,2200.0,30.7912,0,22,-2.3119300000000003
0.76,[Alternate] Trench Trader 4,-9.806012999999998,800.0,11.1968,0,8,1.3907870000000013
0.76,[Alternate] Trench Trader 5,-2.68938,200.0,2.7992,0,2,0.10982000000000003
0.76,[Alternate] Momentum Monkey V1 1,-131.43509999999938,5100.0,71.3796,17138,17189,-60.055499999999384
0.76,[Alternate] Momentum Monkey V1 2,-24.1502,1400.0,19.5944,72,86,-4.555800000000001
0.76,[Alternate] Momentum Monkey V1 3,-1.9849999999999999,100.0,1.3996,0,1,-0.5853999999999999
0.76,[Alternate] Momentum Monkey V1 4,0.0,0.0,0.0,0,0,0.0
0.76,[Alternate] Momentum Monkey V1 5,0.0,0.0,0.0,0,0,0.0
0.76,[Alternate] Momentum Monkey V2 1,-76227.8789999999,5984600.0,83760.4616,6224,66070,7532.582600000096
0.76,[Alternate] Momentum Monkey V2 2,-260.9060999999979,16800.0,235.1328,34363,34531,-25.773299999997874
0.76,[Alternate] Momentum Monkey V2 3,-252.6115999999982,10600.0,148.3576,16533,16639,-104.2539999999982
0.76,[Alternate] Momentum Monkey V2 4,-185.02849999999958,7400.0,103.57039999999999,5357,5431,-81.45809999999959
0.76,[Alternate] Momentum Monkey V2 5,-76.2176,4300.0,60.1828,1006,1049,-16.034800000000004
0.76,[Alternate] Momentum Monkey V3 1,-88700.92590000003,7005500.0,98048.978,1120,71175,9348.052099999972
0.76,[Alternate] Momentum Monkey V3 2,-76227.8789999999,5984600.0,83760.4616,6224,66070,7532.582600000096
0.76,[Alternate] Momentum Monkey V3 3,-260.9060999999979,16800.0,235.1328,34363,34531,-25.773299999997874
0.76,[Alternate] Momentum Monkey V3 4,-260.9060999999979,16800.0,235.1328,34363,34531,-25.773299999997874
0.76,[Alternate] Momentum Monkey V3 5,-260.9060999999979,16800.0,235.1328,34363,34531,-25.773299999997874
0.76,Long Term Trader,-0.4786,100.0,1.3996,0,1,0.9209999999999999
0.76,Feel Trader,-9265.00853199998,725000.0,10147.1,0,7250,882.0914680000205
0.76,Trench Trader,-3348.6319349999994,231300.0,3237.2748,0,2313,-111.35713499999929
0.76,Momentum Monkey V1,-40.391100000000016,1500.0,20.994,823,838,-19.397100000000016
0.76,Momentum Monkey V2,-88700.92590000003,7005500.0,98048.978,1120,71175,9348.052099999972
0.76,Momentum Monkey V3,-88700.92590000003,7005500.0,98048.978,1120,71175,9348.052099999972
0.77,[Alternate] Trench Trader 1,-545.7294639999999,34100.0,473.85360000000003,0,341,-71.87586399999986
0.77,[Alternate] Trench Trader 2,-147.036674,9100.0,126.45360000000001,0,91,-20.583073999999996
0.77,[Alternate] Trench Trader 3,-33.10313,2200.0,30.5712,0,22,-2.531929999999999
0.77,[Alternate] Trench Trader 4,-9.806012999999998,800.0,11.1168,0,8,1.3107870000000013
0.77,[Alternate] Trench Trader 5,-2.68938,200.0,2.7792,0,2,0.08982000000000001
0.77,[Alternate] Momentum Monkey V1 1,-144.32369999999923,6000.0,83.376,17356,17416,-60.94769999999923
0.77,[Alternate] Momentum Monkey V1 2,-24.1502,1400.0,19.4544,72,86,-4.695800000000002
0.77,[Alternate] Momentum Monkey V1 3,-1.9849999999999999,100.0,1.3896,0,1,-0.5953999999999999
0.77,[Alternate] Momentum Monkey V1 4,0.0,0.0,0.0,0,0,0.0
0.77,[Alternate] Momentum Monkey V1 5,0.0,0.0,0.0,0,0,0.0
0.77,[Alternate] Momentum Monkey V2 1,-77360.9027999998,6066200.0,84295.9152,6302,66964,6935.012400000196
0.77,[Alternate] Momentum Monkey V2 2,-274.8230999999985,17700.0,245.9592,34806,34983,-28.863899999998466
0.77,[Alternate] Momentum Monkey V2 3,-265.88589999999806,11500.0,159.804,16725,16840,-106.08189999999806
0.77,[Alternate] Momentum Monkey V2 4,-150.79419999999973,4900.0,68.0904,5435,5484,-82.70379999999973
0.77,[Alternate] Momentum Monkey V2 5,-63.4643,3400.0,47.2464,1023,1057,-16.2179
0.77,[Alternate] Momentum Monkey V3 1,-90002.78309999988,7099300.0,98651.8728,1137,72130,8649.089700000113
0.77,[Alternate] Momentum Monkey V3 2,-77360.9027999998,6066200.0,84295.9152,6302,66964,6935.012400000196
0.77,[Alternate] Momentum Monkey V3 3,-274.8230999999985,17700.0,245.9592,34806,34983,-28.863899999998466
0.77,[Alternate] Momentum Monkey V3 4,-274.8230999999985,17700.0,245.9592,34806,34983,-28.863899999998466
0.77,[Alternate] Momentum Monkey V3 5,-274.8230999999985,17700.0,245.9592,34806,34983,-28.863899999998466
0.77,Long Term Trader,-0.4786,100.0,1.3896,0,1,0.9109999999999999
0.77,Feel Trader,-9378.826231999981,733200.0,10188.5472,0,7332,809.7209680000196
0.77,Trench Trader,-3349.9800179999993,231400.0,3215.5344,0,2314,-134.44561799999929
0.77,Momentum Monkey V1,-46.01309999999999,1900.0,26.4024,832,851,-19.610699999999987
0.77,Momentum Monkey V2,-90002.78309999988,7099300.0,98651.8728,1137,72130,8649.089700000113
0.77,Momentum Monkey V3,-90002.78309999988,7099300.0,98651.8728,1137,72130,8649.089700000113
0.78,[Alternate] Trench Trader 1,-545.7294639999999,34100.0,490.8354,0,341,-54.8940639999999
0.78,[Alternate] Trench Trader 2,-147.036674,9100.0,130.9854,0,91,-16.051274000000006
0.78,[Alternate] Trench Trader 3,-33.10313,2200.0,31.666800000000002,0,22,-1.436329999999998
0.78,[Alternate] Trench Trader 4,-9.806012999999998,800.0,11.5152,0,8,1.7091870000000018
0.78,[Alternate] Trench Trader 5,-2.68938,200.0,2.8788,0,2,0.18942000000000014
0.78,[Alternate] Momentum Monkey V1 1,-172.64989999999898,8000.0,115.152,17572,17652,-57.49789999999898
0.78,[Alternate] Momentum Monkey V1 2,-24.1502,1400.0,20.151600000000002,72,86,-3.9985999999999997
0.78,[Alternate] Momentum Monkey V1 3,-1.9849999999999999,100.0,1.4394,0,1,-0.5455999999999999
0.78,[Alternate] Momentum Monkey V1 4,0.0,0.0,0.0,0,0,0.0
0.78,[Alternate] Momentum Monkey V1 5,0.0,0.0,0.0,0,0,0.0
0.78,[Alternate] Momentum Monkey V2 1,-78452.89889999985,6144800.0,88448.2512,6389,67837,9995.352300000144
0.78,[Alternate] Momentum Monkey V2 2,-315.2117999999983,20500.0,295.077,35245,35450,-20.13479999999828
0.78,[Alternate] Momentum Monkey V2 3,-303.059099999998,14100.0,202.9554,16939,17080,-100.10369999999801
0.78,[Alternate] Momentum Monkey V2 4,-181.6999999999994,7100.0,102.1974,5487,5558,-79.50259999999939
0.78,[Alternate] Momentum Monkey V2 5,-51.04330000000001,2500.0,35.985,1043,1068,-15.05830000000001
0.78,[Alternate] Momentum Monkey V3 1,-91280.89259999999,7191300.0,103511.57220000001,1157,73070,12230.679600000018
0.78,[Alternate] Momentum Monkey V3 2,-78452.89889999985,6144800.0,88448.2512,6389,67837,9995.352300000144
0.78,[Alternate] Momentum Monkey V3 3,-315.2117999999983,20500.0,295.077,35245,35450,-20.13479999999828
0.78,[Alternate] Momentum Monkey V3 4,-315.2117999999983,20500.0,295.077,35245,35450,-20.13479999999828
0.78,[Alternate] Momentum Monkey V3 5,-315.2117999999983,20500.0,295.077,35245,35450,-20.13479999999828
0.78,Long Term Trader,-0.4786,100.0,1.4394,0,1,0.9608
0.78,Feel Trader,-9503.939431999974,742200.0,10683.2268,0,7422,1179.2873680000266
0.78,Trench Trader,-3349.9800179999993,231400.0,3330.7716,0,2314,-19.208417999999256
0.78,Momentum Monkey V1,-44.59919999999998,1800.0,25.909200000000002,842,860,-18.68999999999998
0.78,Momentum Monkey V2,-91280.89259999999,7191300.0,103511.57220000001,1157,73070,12230.679600000018
0.78,Momentum Monkey V3,-91280.89259999999,7191300.0,103511.57220000001,1157,73070,12230.679600000018
0.79,[Alternate] Trench Trader 1,-545.7294639999999,34100.0,461.373,0,341,-84.3564639999999
0.79,[Alternate] Trench Trader 2,-147.036674,9100.0,123.123,0,91,-23.913674
0.79,[Alternate] Trench Trader 3,-33.10313,2200.0,29.766000000000002,0,22,-3.3371299999999984
0.79,[Alternate] Trench Trader 4,-9.806012999999998,800.0,10.824,0,8,1.0179870000000015
0.79,[Alternate] Trench Trader 5,-2.68938,200.0,2.706,0,2,0.01662000000000008
0.79,[Alternate] Momentum Monkey V1 1,-147.75519999999912,6200.0,83.886,17804,17866,-63.869199999999125
0.79,[Alternate] Momentum Monkey V1 2,-18.7876,1000.0,13.530000000000001,78,88,-5.2576
0.79,[Alternate] Momentum Monkey V1 3,-1.9849999999999999,100.0,1.353,0,1,-0.6319999999999999
0.79,[Alternate] Momentum Monkey V1 4,0.0,0.0,0.0,0,0,0.0
0.79,[Alternate] Momentum Monkey V1 5,0.0,0.0,0.0,0,0,0.0
0.79,[Alternate] Momentum Monkey V2 1,-79452.67089999987,6216300.0,84106.539,6503,68666,4653.868100000138
0.79,[Alternate] Momentum Monkey V2 2,-259.7374999999979,16500.0,223.245,35692,35857,-36.492499999997904
0.79,[Alternate] Momentum Monkey V2 3,-253.03599999999787,10500.0,142.065,17165,17270,-110.97099999999787
0.79,[Alternate] Momentum Monkey V2 4,-151.7790999999993,4900.0,66.297,5557,5606,-85.48209999999929
0.79,[Alternate] Momentum Monkey V2 5,-22.447599999999994,400.0,5.412,1074,1078,-17.035599999999995
0.79,[Alternate] Momentum Monkey V3 1,-92511.21020000005,7279400.0,98490.282,1188,73982,5979.0717999999615
0.79,[Alternate] Momentum Monkey V3 2,-79452.67089999987,6216300.0,84106.539,6503,68666,4653.868100000138
0.79,[Alternate] Momentum Monkey V3 3,-259.7374999999979,16500.0,223.245,35692,35857,-36.492499999997904
0.79,[Alternate] Momentum Monkey V3 4,-259.7374999999979,16500.0,223.245,35692,35857,-36.492499999997904
0.79,[Alternate] Momentum Monkey V3 5,-259.7374999999979,16500.0,223.245,35692,35857,-36.492499999997904
0.79,Long Term Trader,-0.4786,100.0,1.353,0,1,0.8744
0.79,Feel Trader,-9615.781531999975,750200.0,10150.206,0,7502,534.4244680000247
0.79,Trench Trader,-3352.8328019999994,231600.0,3133.5480000000002,0,2316,-219.28480199999922
0.79,Momentum Monkey V1,-19.924499999999977,0.0,0.0,871,871,-19.924499999999977
0.79,Momentum Monkey V2,-92511.21020000005,7279400.0,98490.282,1188,73982,5979.0717999999615
0.79,Momentum Monkey V3,-92511.21020000005,7279400.0,98490.282,1188,73982,5979.0717999999615
0.8,[Alternate] Trench Trader 1,-545.7294639999999,34100.0,446.67589999999996,0,341,-99.05356399999994
0.8,[Alternate] Trench Trader 2,-147.036674,9100.0,119.20089999999999,0,91,-27.835774000000015
0.8,[Alternate] Trench Trader 3,-33.10313,2200.0,28.8178,0,22,-4.285330000000002
0.8,[Alternate] Trench Trader 4,-9.806012999999998,800.0,10.479199999999999,0,8,0.6731870000000004
0.8,[Alternate] Trench Trader 5,-2.68938,200.0,2.6197999999999997,0,2,-0.0695800000000002
0.8,[Alternate] Momentum Monkey V1 1,-146.58469999999906,6100.0,79.9039,18010,18071,-66.68079999999907
0.8,[Alternate] Momentum Monkey V1 2,-18.7876,1000.0,13.099,78,88,-5.688600000000001
0.8,[Alternate] Momentum Monkey V1 3,-1.9849999999999999,100.0,1.3098999999999998,0,1,-0.6751
0.8,[Alternate] Momentum Monkey V1 4,0.0,0.0,0.0,0,0,0.0
0.8,[Alternate] Momentum Monkey V1 5,0.0,0.0,0.0,0,0,0.0
0.8,[Alternate] Momentum Monkey V2 1,-80509.25379999998,6296200.0,82473.9238,6566,69528,1964.6700000000274
0.8,[Alternate] Momentum Monkey V2 2,-269.01019999999767,17200.0,225.3028,36131,36303,-43.707399999997676
0.8,[Alternate] Momentum Monkey V2 3,-257.0415999999981,10800.0,141.4692,17352,17460,-115.57239999999808
0.8,[Alternate] Momentum Monkey V2 4,-147.6657999999994,4600.0,60.255399999999995,5601,5647,-87.4103999999994
0.8,[Alternate] Momentum Monkey V2 5,-19.786199999999994,200.0,2.6197999999999997,1078,1080,-17.166399999999996
0.8,[Alternate] Momentum Monkey V3 1,-93709.93250000017,7370100.0,96540.9399,1197,74898,2831.0073999998276
0.8,[Alternate] Momentum Monkey V3 2,-80509.25379999998,6296200.0,82473.9238,6566,69528,1964.6700000000274
0.8,[Alternate] Momentum Monkey V3 3,-269.01019999999767,17200.0,225.3028,36131,36303,-43.707399999997676
0.8,[Alternate] Momentum Monkey V3 4,-269.01019999999767,17200.0,225.3028,36131,36303,-43.707399999997676
0.8,[Alternate] Momentum Monkey V3 5,-269.01019999999767,17200.0,225.3028,36131,36303,-43.707399999997676
0.8,Long Term Trader,-0.4786,100.0,1.3098999999999998,0,1,0.8312999999999998
0.8,Feel Trader,-9736.367131999968,759300.0,9946.0707,0,7593,209.70356800003174
0.8,Trench Trader,-3355.390169999999,231800.0,3036.3482,0,2318,-319.0419699999993
0.8,Momentum Monkey V1,-22.50339999999997,200.0,2.6197999999999997,875,877,-19.883599999999973
0.8,Momentum Monkey V2,-93709.93250000017,7370100.0,96540.9399,1197,74898,2831.0073999998276
0.8,Momentum Monkey V3,-93709.93250000017,7370100.0,96540.9399,1197,74898,2831.0073999998276
0.81,[Alternate] Trench Trader 1,-545.7294639999999,34100.0,400.2317,0,341,-145.4977639999999
0.81,[Alternate] Trench Trader 2,-147.036674,9100.0,106.80669999999999,0,91,-40.22997400000001
0.81,[Alternate] Trench Trader 3,-33.10313,2200.0,25.821399999999997,0,22,-7.281730000000003
0.81,[Alternate] Trench Trader 4,-9.806012999999998,800.0,9.3896,0,8,-0.4164129999999986
0.81,[Alternate] Trench Trader 5,-2.68938,200.0,2.3474,0,2,-0.34197999999999995
0.81,[Alternate] Momentum Monkey V1 1,-149.60669999999928,6300.0,73.9431,18217,18280,-75.66359999999928
0.81,[Alternate] Momentum Monkey V1 2,-15.043300000000002,700.0,8.2159,82,89,-6.827400000000003
0.81,[Alternate] Momentum Monkey V1 3,-1.9849999999999999,100.0,1.1737,0,1,-0.8112999999999999
0.81,[Alternate] Momentum Monkey V1 4,0.0,0.0,0.0,0,0,0.0
0.81,[Alternate] Momentum Monkey V1 5,0.0,0.0,0.0,0,0,0.0
0.81,[Alternate] Momentum Monkey V2 1,-81339.2282000001,6362900.0,74681.35729999999,6697,70326,-6657.870900000111
0.81,[Alternate] Momentum Monkey V2 2,-260.7775999999974,16500.0,193.66049999999998,36541,36706,-67.11709999999741
0.81,[Alternate] Momentum Monkey V2 3,-254.59689999999802,10500.0,123.23849999999999,17553,17658,-131.35839999999803
0.81,[Alternate] Momentum Monkey V2 4,-149.38179999999937,4700.0,55.1639,5663,5710,-94.21789999999937
0.81,[Alternate] Momentum Monkey V2 5,-18.735599999999987,100.0,1.1737,1094,1095,-17.561899999999987
0.81,[Alternate] Momentum Monkey V3 1,-94806.7329000003,7458200.0,87536.8934,1221,75803,-7269.839500000293
0.81,[Alternate] Momentum Monkey V3 2,-81339.2282000001,6362900.0,74681.35729999999,6697,70326,-6657.870900000111
0.81,[Alternate] Momentum Monkey V3 3,-260.7775999999974,16500.0,193.66049999999998,36541,36706,-67.11709999999741
0.81,[Alternate] Momentum Monkey V3 4,-260.7775999999974,16500.0,193.66049999999998,36541,36706,-67.11709999999741
0.81,[Alternate] Momentum Monkey V3 5,-260.7775999999974,16500.0,193.66049999999998,36541,36706,-67.11709999999741
0.81,Long Term Trader,-0.4786,100.0,1.1737,0,1,0.6950999999999999
0.81,Feel Trader,-9850.261831999967,768400.0,9018.710799999999,0,7684,-831.5510319999685
0.81,Trench Trader,-3359.0111939999993,232100.0,2724.1576999999997,0,2321,-634.8534939999995
0.81,Momentum Monkey V1,-20.04049999999996,0.0,0.0,888,888,-20.04049999999996
0.81,Momentum Monkey V2,-94806.7329000003,7458200.0,87536.8934,1221,75803,-7269.839500000293
0.81,Momentum Monkey V3,-94806.7329000003,7458200.0,87536.8934,1221,75803,-7269.839500000293
0.82,[Alternate] Trench Trader 1,-545.7294639999999,34100.0,394.8439,0,341,-150.88556399999987
0.82,[Alternate] Trench Trader 2,-147.036674,9100.0,105.36890000000001,0,91,-41.667773999999994
0.82,[Alternate] Trench Trader 3,-33.10313,2200.0,25.4738,0,22,-7.6293299999999995
0.82,[Alternate] Trench Trader 4,-9.806012999999998,800.0,9.263200000000001,0,8,-0.5428129999999971
0.82,[Alternate] Trench Trader 5,-2.68938,200.0,2.3158000000000003,0,2,-0.3735799999999996
0.82,[Alternate] Momentum Monkey V1 1,-173.86199999999906,8400.0,97.26360000000001,18423,18507,-76.59839999999905
0.82,[Alternate] Momentum Monkey V1 2,-16.2372,800.0,9.263200000000001,82,90,-6.974
0.82,[Alternate] Momentum Monkey V1 3,-1.9849999999999999,100.0,1.1579000000000002,0,1,-0.8270999999999997
0.82,[Alternate] Momentum Monkey V1 4,0.0,0.0,0.0,0,0,0.0
0.82,[Alternate] Momentum Monkey V1 5,0.0,0.0,0.0,0,0,0.0
0.82,[Alternate] Momentum Monkey V2 1,-82179.89410000027,6434400.0,74503.9176,6796,71140,-7675.976500000266
0.82,[Alternate] Momentum Monkey V2 2,-313.59819999999877,21000.0,243.15900000000002,36954,37164,-70.43919999999875
0.82,[Alternate] Momentum Monkey V2 3,-286.2601999999986,13200.0,152.8428,17744,17876,-133.41739999999857
0.82,[Alternate] Momentum Monkey V2 4,-160.67819999999935,5700.0,66.00030000000001,5716,5773,-94.67789999999934
0.82,[Alternate] Momentum Monkey V2 5,-28.970199999999988,1000.0,11.579,1102,1112,-17.391199999999987
0.82,[Alternate] Momentum Monkey V3 1,-95841.24940000052,7546300.0,87378.60770000001,1237,76700,-8462.641700000517
0.82,[Alternate] Momentum Monkey V3 2,-82179.89410000027,6434400.0,74503.9176,6796,71140,-7675.976500000266
0.82,[Alternate] Momentum Monkey V3 3,-313.59819999999877,21000.0,243.15900000000002,36954,37164,-70.43919999999875
0.82,[Alternate] Momentum Monkey V3 4,-313.59819999999877,21000.0,243.15900000000002,36954,37164,-70.43919999999875
0.82,[Alternate] Momentum Monkey V3 5,-313.59819999999877,21000.0,243.15900000000002,36954,37164,-70.43919999999875
0.82,Long Term Trader,-0.4786,100.0,1.1579000000000002,0,1,0.6793000000000001
0.82,Feel Trader,-9947.847731999967,776700.0,8993.409300000001,0,7767,-954.4384319999663
0.82,Trench Trader,-3360.126725999999,232200.0,2688.6438000000003,0,2322,-671.4829259999988
0.82,Momentum Monkey V1,-30.421599999999962,900.0,10.421100000000001,897,906,-20.00049999999996
0.82,Momentum Monkey V2,-95841.24940000052,7546300.0,87378.60770000001,1237,76700,-8462.641700000517
0.82,Momentum Monkey V3,-95841.24940000052,7546300.0,87378.60770000001,1237,76700,-8462.641700000517
0.83,[Alternate] Trench Trader 1,-545.7294639999999,34100.0,393.1389,0,341,-152.59056399999992
0.83,[Alternate] Trench Trader 2,-147.036674,9100.0,104.9139,0,91,-42.12277400000001
0.83,[Alternate] Trench Trader 3,-33.10313,2200.0,25.363799999999998,0,22,-7.7393300000000025
0.83,[Alternate] Trench Trader 4,-9.806012999999998,800.0,9.2232,0,8,-0.582812999999998
0.83,[Alternate] Trench Trader 5,-2.68938,200.0,2.3058,0,2,-0.3835799999999998
0.83,[Alternate] Momentum Monkey V1 1,-169.04609999999892,8000.0,92.232,18656,18736,-76.81409999999892
0.83,[Alternate] Momentum Monkey V1 2,-13.880400000000002,600.0,6.9174,84,90,-6.963000000000002
0.83,[Alternate] Momentum Monkey V1 3,-1.9849999999999999,100.0,1.1529,0,1,-0.8320999999999998
0.83,[Alternate] Momentum Monkey V1 4,0.0,0.0,0.0,0,0,0.0
0.83,[Alternate] Momentum Monkey V1 5,0.0,0.0,0.0,0,0,0.0
0.83,[Alternate] Momentum Monkey V2 1,-82978.09120000039,6502400.0,74966.1696,6917,71941,-8011.921600000394
0.83,[Alternate] Momentum Monkey V2 2,-332.73129999999935,22700.0,261.7083,37377,37604,-71.02299999999934
0.83,[Alternate] Momentum Monkey V2 3,-292.95169999999933,13800.0,159.1002,17949,18087,-133.85149999999933
0.83,[Alternate] Momentum Monkey V2 4,-143.23409999999936,4200.0,48.4218,5801,5843,-94.81229999999937
0.83,[Alternate] Momentum Monkey V2 5,-17.329399999999993,0.0,0.0,1129,1129,-17.329399999999993
0.83,[Alternate] Momentum Monkey V3 1,-96839.80550000067,7631300.0,87981.2577,1273,77586,-8858.54780000067
0.83,[Alternate] Momentum Monkey V3 2,-82978.09120000039,6502400.0,74966.1696,6917,71941,-8011.921600000394
0.83,[Alternate] Momentum Monkey V3 3,-332.73129999999935,22700.0,261.7083,37377,37604,-71.02299999999934
0.83,[Alternate] Momentum Monkey V3 4,-332.73129999999935,22700.0,261.7083,37377,37604,-71.02299999999934
0.83,[Alternate] Momentum Monkey V3 5,-332.73129999999935,22700.0,261.7083,37377,37604,-71.02299999999934
0.83,Long Term Trader,-0.4786,100.0,1.1529,0,1,0.6743
0.83,Feel Trader,-10037.071031999967,784300.0,9042.1947,0,7843,-994.8763319999671
0.83,Trench Trader,-3360.126725999999,232200.0,2677.0337999999997,0,2322,-683.0929259999994
0.83,Momentum Monkey V1,-24.554999999999957,400.0,4.6116,913,917,-19.943399999999958
0.83,Momentum Monkey V2,-96839.80550000067,7631300.0,87981.2577,1273,77586,-8858.54780000067
0.83,Momentum Monkey V3,-96839.80550000067,7631300.0,87981.2577,1273,77586,-8858.54780000067
0.84,[Alternate] Trench Trader 1,-545.7294639999999,34100.0,402.2777,0,341,-143.4517639999999
0.84,[Alternate] Trench Trader 2,-147.036674,9100.0,107.3527,0,91,-39.683974000000006
0.84,[Alternate] Trench Trader 3,-33.10313,2200.0,25.953400000000002,0,22,-7.149729999999998
0.84,[Alternate] Trench Trader 4,-9.806012999999998,800.0,9.4376,0,8,-0.36841299999999855
0.84,[Alternate] Trench Trader 5,-2.68938,200.0,2.3594,0,2,-0.32997999999999994
0.84,[Alternate] Momentum Monkey V1 1,-148.34999999999877,6200.0,73.1414,18862,18924,-75.20859999999877
0.84,[Alternate] Momentum Monkey V1 2,-13.880400000000002,600.0,7.0782,84,90,-6.802200000000002
0.84,[Alternate] Momentum Monkey V1 3,-1.9849999999999999,100.0,1.1797,0,1,-0.8052999999999999
0.84,[Alternate] Momentum Monkey V1 4,0.0,0.0,0.0,0,0,0.0
0.84,[Alternate] Momentum Monkey V1 5,0.0,0.0,0.0,0,0,0.0
0.84,[Alternate] Momentum Monkey V2 1,-83800.10460000037,6572800.0,77539.3216,7005,72733,-6260.783000000374
0.84,[Alternate] Momentum Monkey V2 2,-334.29589999999865,22700.0,267.7919,37817,38044,-66.50399999999865
0.84,[Alternate] Momentum Monkey V2 3,-271.83579999999887,11900.0,140.3843,18166,18285,-131.45149999999887
0.84,[Alternate] Momentum Monkey V2 4,-146.9849999999993,4500.0,53.0865,5852,5897,-93.8984999999993
0.84,[Alternate] Momentum Monkey V2 5,-17.309799999999992,0.0,0.0,1135,1135,-17.309799999999992
0.84,[Alternate] Momentum Monkey V3 1,-97834.17570000069,7716500.0,91031.5505,1287,78452,-6802.625200000693
0.84,[Alternate] Momentum Monkey V3 2,-83800.10460000037,6572800.0,77539.3216,7005,72733,-6260.783000000374
0.84,[Alternate] Momentum Monkey V3 3,-334.29589999999865,22700.0,267.7919,37817,38044,-66.50399999999865
0.84,[Alternate] Momentum Monkey V3 4,-334.29589999999865,22700.0,267.7919,37817,38044,-66.50399999999865
0.84,[Alternate] Momentum Monkey V3 5,-334.29589999999865,22700.0,267.7919,37817,38044,-66.50399999999865
0.84,Long Term Trader,-0.4786,100.0,1.1797,0,1,0.7011
0.84,Feel Trader,-10132.765531999961,792500.0,9349.1225,0,7925,-783.6430319999617
0.84,Trench Trader,-3360.126725999999,232200.0,2739.2634,0,2322,-620.8633259999992
0.84,Momentum Monkey V1,-26.87439999999996,600.0,7.0782,918,924,-19.79619999999996
0.84,Momentum Monkey V2,-97834.17570000069,7716500.0,91031.5505,1287,78452,-6802.625200000693
0.84,Momentum Monkey V3,-97834.17570000069,7716500.0,91031.5505,1287,78452,-6802.625200000693
0.85,[Alternate] Trench Trader 1,-545.7294639999999,34100.0,391.0247,0,341,-154.7047639999999
0.85,[Alternate] Trench Trader 2,-147.036674,9100.0,104.3497,0,91,-42.686974000000006
0.85,[Alternate] Trench Trader 3,-33.10313,2200.0,25.2274,0,22,-7.875730000000001
0.85,[Alternate] Trench Trader 4,-9.806012999999998,800.0,9.1736,0,8,-0.6324129999999979
0.85,[Alternate] Trench Trader 5,-2.68938,200.0,2.2934,0,2,-0.3959799999999998
0.85,[Alternate] Momentum Monkey V1 1,-149.88089999999855,6300.0,72.2421,19077,19140,-77.63879999999855
0.85,[Alternate] Momentum Monkey V1 2,-15.071700000000002,700.0,8.0269,84,91,-7.044800000000002
0.85,[Alternate] Momentum Monkey V1 3,-1.9849999999999999,100.0,1.1467,0,1,-0.8382999999999998
0.85,[Alternate] Momentum Monkey V1 4,0.0,0.0,0.0,0,0,0.0
0.85,[Alternate] Momentum Monkey V1 5,0.0,0.0,0.0,0,0,0.0
0.85,[Alternate] Momentum Monkey V2 1,-84641.76160000052,6644500.0,76192.4815,7096,73541,-8449.280100000527
0.85,[Alternate] Momentum Monkey V2 2,-299.2683999999979,19600.0,224.7532,38281,38477,-74.51519999999789
0.85,[Alternate] Momentum Monkey V2 3,-272.38509999999803,11900.0,136.4573,18382,18501,-135.92779999999803
0.85,[Alternate] Momentum Monkey V2 4,-146.27869999999925,4400.0,50.4548,5920,5964,-95.82389999999924
0.85,[Alternate] Momentum Monkey V2 5,-19.797699999999995,200.0,2.2934,1147,1149,-17.504299999999994
0.85,[Alternate] Momentum Monkey V3 1,-98834.79170000096,7801800.0,89463.2406,1310,79328,-9371.551100000957
0.85,[Alternate] Momentum Monkey V3 2,-84641.76160000052,6644500.0,76192.4815,7096,73541,-8449.280100000527
0.85,[Alternate] Momentum Monkey V3 3,-299.2683999999979,19600.0,224.7532,38281,38477,-74.51519999999789
0.85,[Alternate] Momentum Monkey V3 4,-299.2683999999979,19600.0,224.7532,38281,38477,-74.51519999999789
0.85,[Alternate] Momentum Monkey V3 5,-299.2683999999979,19600.0,224.7532,38281,38477,-74.51519999999789
0.85,Long Term Trader,-0.4786,100.0,1.1467,0,1,0.6681
0.85,Feel Trader,-10252.416931999967,802700.0,9204.5609,0,8027,-1047.856031999967
0.85,Trench Trader,-3360.126725999999,232200.0,2662.6374,0,2322,-697.489325999999
0.85,Momentum Monkey V1,-27.067999999999966,600.0,6.880199999999999,930,936,-20.187799999999967
0.85,Momentum Monkey V2,-98834.79170000096,7801800.0,89463.2406,1310,79328,-9371.551100000957
0.85,Momentum Monkey V3,-98834.79170000096,7801800.0,89463.2406,1310,79328,-9371.551100000957
0.86,[Alternate] Trench Trader 1,-545.7294639999999,34100.0,372.6789,0,341,-173.0505639999999
0.86,[Alternate] Trench Trader 2,-147.036674,9100.0,99.45389999999999,0,91,-47.582774000000015
0.86,[Alternate] Trench Trader 3,-33.10313,2200.0,24.043799999999997,0,22,-9.059330000000003
0.86,[Alternate] Trench Trader 4,-9.806012999999998,800.0,8.7432,0,8,-1.0628129999999985
0.86,[Alternate] Trench Trader 5,-2.68938,200.0,2.1858,0,2,-0.5035799999999999
0.86,[Alternate] Momentum Monkey V1 1,-156.66099999999855,6900.0,75.4101,19287,19356,-81.25089999999855
0.86,[Alternate] Momentum Monkey V1 2,-16.2117,800.0,8.7432,84,92,-7.468500000000001
0.86,[Alternate] Momentum Monkey V1 3,-1.9849999999999999,100.0,1.0929,0,1,-0.8920999999999999
0.86,[Alternate] Momentum Monkey V1 4,0.0,0.0,0.0,0,0,0.0
0.86,[Alternate] Momentum Monkey V1 5,0.0,0.0,0.0,0,0,0.0
0.86,[Alternate] Momentum Monkey V2 1,-85447.75720000062,6716900.0,73409.00009999999,7203,74372,-12038.757100000628
0.86,[Alternate] Momentum Monkey V2 2,-291.36399999999804,18800.0,205.46519999999998,38741,38929,-85.89879999999806
0.86,[Alternate] Momentum Monkey V2 3,-264.99279999999777,11200.0,122.4048,18592,18704,-142.58799999999778
0.86,[Alternate] Momentum Monkey V2 4,-152.92329999999924,5000.0,54.644999999999996,5966,6016,-98.27829999999925
0.86,[Alternate] Momentum Monkey V2 5,-18.72179999999999,100.0,1.0929,1153,1154,-17.62889999999999
0.86,[Alternate] Momentum Monkey V3 1,-99831.83030000089,7891400.0,86245.1106,1331,80245,-13586.71970000089
0.86,[Alternate] Momentum Monkey V3 2,-85447.75720000062,6716900.0,73409.00009999999,7203,74372,-12038.757100000628
0.86,[Alternate] Momentum Monkey V3 3,-291.36399999999804,18800.0,205.46519999999998,38741,38929,-85.89879999999806
0.86,[Alternate] Momentum Monkey V3 4,-291.36399999999804,18800.0,205.46519999999998,38741,38929,-85.89879999999806
0.86,[Alternate] Momentum Monkey V3 5,-291.36399999999804,18800.0,205.46519999999998,38741,38929,-85.89879999999806
0.86,Long Term Trader,-0.4786,100.0,1.0929,0,1,0.6143
0.86,Feel Trader,-10344.930231999972,811000.0,8863.419,0,8110,-1481.5112319999716
0.86,Trench Trader,-3361.241762999999,232300.0,2538.8067,0,2323,-822.435062999999
0.86,Momentum Monkey V1,-25.984799999999957,500.0,5.4645,939,944,-20.520299999999956
0.86,Momentum Monkey V2,-99831.83030000089,7891400.0,86245.1106,1331,80245,-13586.71970000089
0.86,Momentum Monkey V3,-99831.83030000089,7891400.0,86245.1106,1331,80245,-13586.71970000089
0.87,[Alternate] Trench Trader 1,-545.7294639999999,34100.0,358.8343,0,341,-186.8951639999999
0.87,[Alternate] Trench Trader 2,-147.036674,9100.0,95.7593,0,91,-51.27737400000001
0.87,[Alternate] Trench Trader 3,-33.10313,2200.0,23.150599999999997,0,22,-9.952530000000003
0.87,[Alternate] Trench Trader 4,-9.806012999999998,800.0,8.4184,0,8,-1.3876129999999982
0.87,[Alternate] Trench Trader 5,-2.68938,200.0,2.1046,0,2,-0.5847799999999999
0.87,[Alternate] Momentum Monkey V1 1,-142.11319999999853,5500.0,57.8765,19504,19559,-84.23669999999854
0.87,[Alternate] Momentum Monkey V1 2,-15.1852,700.0,7.366099999999999,85,92,-7.819100000000001
0.87,[Alternate] Momentum Monkey V1 3,-1.9849999999999999,100.0,1.0523,0,1,-0.9326999999999999
0.87,[Alternate] Momentum Monkey V1 4,0.0,0.0,0.0,0,0,0.0
0.87,[Alternate] Momentum Monkey V1 5,0.0,0.0,0.0,0,0,0.0
0.87,[Alternate] Momentum Monkey V2 1,-86206.27180000082,6787800.0,71428.01939999999,7314,75192,-14778.252400000827
0.87,[Alternate] Momentum Monkey V2 2,-274.44419999999855,17100.0,179.9433,39170,39341,-94.50089999999855
0.87,[Alternate] Momentum Monkey V2 3,-249.68599999999788,9700.0,102.0731,18805,18902,-147.61289999999786
0.87,[Alternate] Momentum Monkey V2 4,-142.67549999999926,4000.0,42.092,6034,6074,-100.58349999999926
0.87,[Alternate] Momentum Monkey V2 5,-16.77649999999999,-100.0,-1.0523,1162,1161,-17.82879999999999
0.87,[Alternate] Momentum Monkey V3 1,-100781.07190000116,7980300.0,83976.6969,1352,81155,-16804.375000001164
0.87,[Alternate] Momentum Monkey V3 2,-86206.27180000082,6787800.0,71428.01939999999,7314,75192,-14778.252400000827
0.87,[Alternate] Momentum Monkey V3 3,-274.44419999999855,17100.0,179.9433,39170,39341,-94.50089999999855
0.87,[Alternate] Momentum Monkey V3 4,-274.44419999999855,17100.0,179.9433,39170,39341,-94.50089999999855
0.87,[Alternate] Momentum Monkey V3 5,-274.44419999999855,17100.0,179.9433,39170,39341,-94.50089999999855
0.87,Long Term Trader,-0.4786,100.0,1.0523,0,1,0.5737
0.87,Feel Trader,-10411.22953199997,817200.0,8599.3956,0,8172,-1811.8339319999704
0.87,Trench Trader,-3361.241762999999,232300.0,2444.4928999999997,0,2323,-916.7488629999993
0.87,Momentum Monkey V1,-22.914499999999958,200.0,2.1046,950,952,-20.809899999999956
0.87,Momentum Monkey V2,-100781.07190000116,7980300.0,83976.6969,1352,81155,-16804.375000001164
0.87,Momentum Monkey V3,-100781.07190000116,7980300.0,83976.6969,1352,81155,-16804.375000001164
0.88,[Alternate] Trench Trader 1,-545.7294639999999,34100.0,369.7804,0,341,-175.9490639999999
0.88,[Alternate] Trench Trader 2,-147.036674,9100.0,98.68039999999999,0,91,-48.35627400000001
0.88,[Alternate] Trench Trader 3,-33.10313,2200.0,23.8568,0,22,-9.24633
0.88,[Alternate] Trench Trader 4,-9.806012999999998,800.0,8.6752,0,8,-1.130812999999998
0.88,[Alternate] Trench Trader 5,-2.68938,200.0,2.1688,0,2,-0.5205799999999998
0.88,[Alternate] Momentum Monkey V1 1,-161.48529999999877,7300.0,79.1612,19701,19774,-82.32409999999878
0.88,[Alternate] Momentum Monkey V1 2,-21.3014,1300.0,14.097199999999999,85,98,-7.204200000000002
0.88,[Alternate] Momentum Monkey V1 3,-1.9849999999999999,100.0,1.0844,0,1,-0.9005999999999998
0.88,[Alternate] Momentum Monkey V1 4,0.0,0.0,0.0,0,0,0.0
0.88,[Alternate] Momentum Monkey V1 5,0.0,0.0,0.0,0,0,0.0
0.88,[Alternate] Momentum Monkey V2 1,-87041.74890000101,6869200.0,74489.6048,7377,76069,-12552.144100001009
0.88,[Alternate] Momentum Monkey V2 2,-329.4362999999985,22300.0,241.82119999999998,39542,39765,-87.6150999999985
0.88,[Alternate] Momentum Monkey V2 3,-299.18769999999785,14400.0,156.15359999999998,18971,19115,-143.03409999999786
0.88,[Alternate] Momentum Monkey V2 4,-175.43489999999935,7100.0,76.99239999999999,6080,6151,-98.44249999999936
0.88,[Alternate] Momentum Monkey V2 5,-35.384899999999995,1700.0,18.4348,1166,1183,-16.950099999999996
0.88,[Alternate] Momentum Monkey V3 1,-101727.19340000134,8072500.0,87538.19,1361,82086,-14189.00340000134
0.88,[Alternate] Momentum Monkey V3 2,-87041.74890000101,6869200.0,74489.6048,7377,76069,-12552.144100001009
0.88,[Alternate] Momentum Monkey V3 3,-329.4362999999985,22300.0,241.82119999999998,39542,39765,-87.6150999999985
0.88,[Alternate] Momentum Monkey V3 4,-329.4362999999985,22300.0,241.82119999999998,39542,39765,-87.6150999999985
0.88,[Alternate] Momentum Monkey V3 5,-329.4362999999985,22300.0,241.82119999999998,39542,39765,-87.6150999999985
0.88,Long Term Trader,-0.4786,100.0,1.0844,0,1,0.6058
0.88,Feel Trader,-10500.56593199997,825900.0,8956.059599999999,0,8259,-1544.5063319999717
0.88,Trench Trader,-3363.2126549999994,232500.0,2521.23,0,2325,-841.9826549999993
0.88,Momentum Monkey V1,-39.42379999999996,1800.0,19.519199999999998,955,973,-19.90459999999996
0.88,Momentum Monkey V2,-101727.19340000134,8072500.0,87538.19,1361,82086,-14189.00340000134
0.88,Momentum Monkey V3,-101727.19340000134,8072500.0,87538.19,1361,82086,-14189.00340000134
0.89,[Alternate] Trench Trader 1,-545.7294639999999,34100.0,377.0096,0,341,-168.71986399999992
0.89,[Alternate] Trench Trader 2,-147.036674,9100.0,100.6096,0,91,-46.427074000000005
0.89,[Alternate] Trench Trader 3,-33.10313,2200.0,24.3232,0,22,-8.77993
0.89,[Alternate] Trench Trader 4,-9.806012999999998,800.0,8.8448,0,8,-0.961212999999999
0.89,[Alternate] Trench Trader 5,-2.68938,200.0,2.2112,0,2,-0.47818000000000005
0.89,[Alternate] Momentum Monkey V1 1,-140.03789999999898,5300.0,58.5968,19929,19982,-81.44109999999898
0.89,[Alternate] Momentum Monkey V1 2,-21.3014,1300.0,14.3728,85,98,-6.928600000000001
0.89,[Alternate] Momentum Monkey V1 3,-1.9849999999999999,100.0,1.1056,0,1,-0.8794
0.89,[Alternate] Momentum Monkey V1 4,0.0,0.0,0.0,0,0,0.0
0.89,[Alternate] Momentum Monkey V1 5,0.0,0.0,0.0,0,0,0.0
0.89,[Alternate] Momentum Monkey V2 1,-87842.3913000009,6943000.0,76761.808,7473,76903,-11080.5833000009
0.89,[Alternate] Momentum Monkey V2 2,-293.4014999999993,18900.0,208.95839999999998,40024,40213,-84.44309999999933
0.89,[Alternate] Momentum Monkey V2 3,-277.4037999999986,12300.0,135.9888,19210,19333,-141.41499999999863
0.89,[Alternate] Momentum Monkey V2 4,-156.3814999999993,5300.0,58.5968,6154,6207,-97.7846999999993
0.89,[Alternate] Momentum Monkey V2 5,-32.2589,1400.0,15.4784,1178,1192,-16.780499999999996
0.89,[Alternate] Momentum Monkey V3 1,-102709.44380000119,8163100.0,90251.23359999999,1373,83004,-12458.210200001195
0.89,[Alternate] Momentum Monkey V3 2,-87842.3913000009,6943000.0,76761.808,7473,76903,-11080.5833000009
0.89,[Alternate] Momentum Monkey V3 3,-293.4014999999993,18900.0,208.95839999999998,40024,40213,-84.44309999999933
0.89,[Alternate] Momentum Monkey V3 4,-293.4014999999993,18900.0,208.95839999999998,40024,40213,-84.44309999999933
0.89,[Alternate] Momentum Monkey V3 5,-293.4014999999993,18900.0,208.95839999999998,40024,40213,-84.44309999999933
0.89,Long Term Trader,-0.4786,100.0,1.1056,0,1,0.6269999999999999
0.89,Feel Trader,-10610.059931999964,836000.0,9242.816,0,8360,-1367.243931999963
0.89,Trench Trader,-3363.2126549999994,232500.0,2570.52,0,2325,-792.6926549999994
0.89,Momentum Monkey V1,-30.79209999999996,1000.0,11.056,966,976,-19.736099999999958
0.89,Momentum Monkey V2,-102709.44380000119,8163100.0,90251.23359999999,1373,83004,-12458.210200001195
0.89,Momentum Monkey V3,-102709.44380000119,8163100.0,90251.23359999999,1373,83004,-12458.210200001195
0.9,[Alternate] Trench Trader 1,-545.7294639999999,34100.0,361.46,0,341,-184.2694639999999
0.9,[Alternate] Trench Trader 2,-147.036674,9100.0,96.46,0,91,-50.57667400000001
0.9,[Alternate] Trench Trader 3,-33.10313,2200.0,23.32,0,22,-9.78313
0.9,[Alternate] Trench Trader 4,-9.806012999999998,800.0,8.48,0,8,-1.3260129999999979
0.9,[Alternate] Trench Trader 5,-2.68938,200.0,2.12,0,2,-0.5693799999999998
0.9,[Alternate] Momentum Monkey V1 1,-132.72729999999896,4600.0,48.76,20145,20191,-83.96729999999897
0.9,[Alternate] Momentum Monkey V1 2,-23.485100000000003,1500.0,15.9,85,100,-7.585100000000002
0.9,[Alternate] Momentum Monkey V1 3,-1.9849999999999999,100.0,1.06,0,1,-0.9249999999999998
0.9,[Alternate] Momentum Monkey V1 4,0.0,0.0,0.0,0,0,0.0
0.9,[Alternate] Momentum Monkey V1 5,0.0,0.0,0.0,0,0,0.0
0.9,[Alternate] Momentum Monkey V2 1,-88650.58990000079,7017800.0,74388.68000000001,7555,77733,-14261.909900000785
0.9,[Alternate] Momentum Monkey V2 2,-279.68179999999967,17600.0,186.56,40437,40613,-93.12179999999967
0.9,[Alternate] Momentum Monkey V2 3,-270.2103999999989,11600.0,122.96,19394,19510,-147.25039999999893
0.9,[Alternate] Momentum Monkey V2 4,-142.08629999999934,3900.0,41.34,6224,6263,-100.74629999999934
0.9,[Alternate] Momentum Monkey V2 5,-31.495100000000004,1300.0,13.78,1188,1201,-17.715100000000007
0.9,[Alternate] Momentum Monkey V3 1,-103672.53240000115,8252300.0,87474.38,1383,83906,-16198.152400001141
0.9,[Alternate] Momentum Monkey V3 2,-88650.58990000079,7017800.0,74388.68000000001,7555,77733,-14261.909900000785
0.9,[Alternate] Momentum Monkey V3 3,-279.68179999999967,17600.0,186.56,40437,40613,-93.12179999999967
0.9,[Alternate] Momentum Monkey V3 4,-279.68179999999967,17600.0,186.56,40437,40613,-93.12179999999967
0.9,[Alternate] Momentum Monkey V3 5,-279.68179999999967,17600.0,186.56,40437,40613,-93.12179999999967
0.9,Long Term Trader,-0.4786,100.0,1.06,0,1,0.5814
0.9,Feel Trader,-10689.767631999963,843400.0,8940.04,0,8434,-1749.727631999962
0.9,Trench Trader,-3363.2126549999994,232500.0,2464.5,0,2325,-898.7126549999994
0.9,Momentum Monkey V1,-30.98769999999997,1000.0,10.6,976,986,-20.387699999999967
0.9,Momentum Monkey V2,-103672.53240000115,8252300.0,87474.38,1383,83906,-16198.152400001141
0.9,Momentum Monkey V3,-103672.53240000115,8252300.0,87474.38,1383,83906,-16198.152400001141
0.91,[Alternate] Trench Trader 1,-545.7294639999999,34100.0,388.7059,0,341,-157.0235639999999
0.91,[Alternate] Trench Trader 2,-147.036674,9100.0,103.73089999999999,0,91,-43.305774000000014
0.91,[Alternate] Trench Trader 3,-33.10313,2200.0,25.0778,0,22,-8.02533
0.91,[Alternate] Trench Trader 4,-9.806012999999998,800.0,9.1192,0,8,-0.686812999999999
0.91,[Alternate] Trench Trader 5,-2.68938,200.0,2.2798,0,2,-0.40958000000000006
0.91,[Alternate] Momentum Monkey V1 1,-187.33679999999885,9500.0,108.2905,20338,20433,-79.04629999999885
0.91,[Alternate] Momentum Monkey V1 2,-29.185499999999998,2000.0,22.798,85,105,-6.387499999999999
0.91,[Alternate] Momentum Monkey V1 3,-1.9849999999999999,100.0,1.1399,0,1,-0.8451
0.91,[Alternate] Momentum Monkey V1 4,0.0,0.0,0.0,0,0,0.0
0.91,[Alternate] Momentum Monkey V1 5,0.0,0.0,0.0,0,0,0.0
0.91,[Alternate] Momentum Monkey V2 1,-89552.84390000073,7100100.0,80934.03989999999,7594,78595,-8618.804000000746
0.91,[Alternate] Momentum Monkey V2 2,-349.88529999999923,23800.0,271.2962,40842,41080,-78.58909999999923
0.91,[Alternate] Momentum Monkey V2 3,-331.13179999999875,17000.0,193.783,19567,19737,-137.34879999999876
0.91,[Alternate] Momentum Monkey V2 4,-213.82259999999926,10400.0,118.5496,6252,6356,-95.27299999999926
0.91,[Alternate] Momentum Monkey V2 5,-57.78080000000001,3700.0,42.1763,1190,1227,-15.604500000000016
0.91,[Alternate] Momentum Monkey V3 1,-104654.20180000106,8342000.0,95090.458,1385,84805,-9563.743800001059
0.91,[Alternate] Momentum Monkey V3 2,-89552.84390000073,7100100.0,80934.03989999999,7594,78595,-8618.804000000746
0.91,[Alternate] Momentum Monkey V3 3,-349.88529999999923,23800.0,271.2962,40842,41080,-78.58909999999923
0.91,[Alternate] Momentum Monkey V3 4,-349.88529999999923,23800.0,271.2962,40842,41080,-78.58909999999923
0.91,[Alternate] Momentum Monkey V3 5,-349.88529999999923,23800.0,271.2962,40842,41080,-78.58909999999923
0.91,Long Term Trader,-0.4786,100.0,1.1399,0,1,0.6612999999999999
0.91,Feel Trader,-10764.319580999965,850200.0,9691.4298,0,8502,-1072.8897809999653
0.91,Trench Trader,-3365.5073759999996,232700.0,2652.5472999999997,0,2327,-712.9600759999998
0.91,Momentum Monkey V1,-55.303399999999996,3200.0,36.4768,978,1010,-18.8266
0.91,Momentum Monkey V2,-104654.20180000106,8342000.0,95090.458,1385,84805,-9563.743800001059
0.91,Momentum Monkey V3,-104654.20180000106,8342000.0,95090.458,1385,84805,-9563.743800001059
0.92,[Alternate] Trench Trader 1,-545.7294639999999,34100.0,403.403,0,341,-142.32646399999987
0.92,[Alternate] Trench Trader 2,-147.036674,9100.0,107.653,0,91,-39.383674
0.92,[Alternate] Trench Trader 3,-33.10313,2200.0,26.026,0,22,-7.07713
0.92,[Alternate] Trench Trader 4,-9.806012999999998,800.0,9.464,0,8,-0.3420129999999979
0.92,[Alternate] Trench Trader 5,-2.68938,200.0,2.366,0,2,-0.3233799999999998
0.92,[Alternate] Momentum Monkey V1 1,-177.27229999999892,8500.0,100.555,20570,20655,-76.71729999999891
0.92,[Alternate] Momentum Monkey V1 2,-31.678099999999997,2200.0,26.026,85,107,-5.652099999999997
0.92,[Alternate] Momentum Monkey V1 3,-1.9849999999999999,100.0,1.183,0,1,-0.8019999999999998
0.92,[Alternate] Momentum Monkey V1 4,0.0,0.0,0.0,0,0,0.0
0.92,[Alternate] Momentum Monkey V1 5,0.0,0.0,0.0,0,0,0.0
0.92,[Alternate] Momentum Monkey V2 1,-90407.65170000079,7173500.0,84862.505,7685,79420,-5545.146700000783
0.92,[Alternate] Momentum Monkey V2 2,-349.8050999999993,23500.0,278.005,41299,41534,-71.8000999999993
0.92,[Alternate] Momentum Monkey V2 3,-290.3526999999988,13300.0,157.339,19798,19931,-133.01369999999878
0.92,[Alternate] Momentum Monkey V2 4,-194.56929999999917,8600.0,101.738,6343,6429,-92.83129999999917
0.92,[Alternate] Momentum Monkey V2 5,-58.605900000000005,3700.0,43.771,1206,1243,-14.834900000000005
0.92,[Alternate] Momentum Monkey V3 1,-105682.01800000116,8430400.0,99731.632,1401,85705,-5950.386000001163
0.92,[Alternate] Momentum Monkey V3 2,-90407.65170000079,7173500.0,84862.505,7685,79420,-5545.146700000783
0.92,[Alternate] Momentum Monkey V3 3,-349.8050999999993,23500.0,278.005,41299,41534,-71.8000999999993
0.92,[Alternate] Momentum Monkey V3 4,-349.8050999999993,23500.0,278.005,41299,41534,-71.8000999999993
0.92,[Alternate] Momentum Monkey V3 5,-349.8050999999993,23500.0,278.005,41299,41534,-71.8000999999993
0.92,Long Term Trader,-0.4786,100.0,1.183,0,1,0.7044
0.92,Feel Trader,-10850.10238099996,857600.0,10145.408,0,8576,-704.6943809999611
0.92,Trench Trader,-3366.7312139999995,232800.0,2754.024,0,2328,-612.7072139999996
0.92,Momentum Monkey V1,-59.5648,3500.0,41.405,992,1027,-18.159799999999997
0.92,Momentum Monkey V2,-105682.01800000116,8430400.0,99731.632,1401,85705,-5950.386000001163
0.92,Momentum Monkey V3,-105682.01800000116,8430400.0,99731.632,1401,85705,-5950.386000001163
0.93,[Alternate] Trench Trader 1,-545.7294639999999,34100.0,393.03659999999996,0,341,-152.69286399999993
0.93,[Alternate] Trench Trader 2,-147.036674,9100.0,104.8866,0,91,-42.150074000000004
0.93,[Alternate] Trench Trader 3,-33.10313,2200.0,25.3572,0,22,-7.745930000000001
0.93,[Alternate] Trench Trader 4,-9.806012999999998,800.0,9.2208,0,8,-0.5852129999999978
0.93,[Alternate] Trench Trader 5,-2.68938,200.0,2.3052,0,2,-0.38417999999999974
0.93,[Alternate] Momentum Monkey V1 1,-138.83119999999894,5200.0,59.9352,20799,20851,-78.89599999999893
0.93,[Alternate] Momentum Monkey V1 2,-32.8642,2300.0,26.5098,85,108,-6.354399999999998
0.93,[Alternate] Momentum Monkey V1 3,-1.9849999999999999,100.0,1.1526,0,1,-0.8323999999999998
0.93,[Alternate] Momentum Monkey V1 4,0.0,0.0,0.0,0,0,0.0
0.93,[Alternate] Momentum Monkey V1 5,0.0,0.0,0.0,0,0,0.0
0.93,[Alternate] Momentum Monkey V2 1,-91193.55720000084,7241000.0,83459.766,7789,80199,-7733.791200000836
0.93,[Alternate] Momentum Monkey V2 2,-247.39149999999984,14700.0,169.4322,41775,41922,-77.95929999999984
0.93,[Alternate] Momentum Monkey V2 3,-242.62959999999893,9200.0,106.0392,20006,20098,-136.59039999999894
0.93,[Alternate] Momentum Monkey V2 4,-139.75919999999905,3900.0,44.9514,6439,6478,-94.80779999999905
0.93,[Alternate] Momentum Monkey V2 5,-36.45620000000002,1800.0,20.7468,1236,1254,-15.709400000000016
0.93,[Alternate] Momentum Monkey V3 1,-106640.78670000115,8512700.0,98117.3802,1431,86558,-8523.406500001147
0.93,[Alternate] Momentum Monkey V3 2,-91193.55720000084,7241000.0,83459.766,7789,80199,-7733.791200000836
0.93,[Alternate] Momentum Monkey V3 3,-247.39149999999984,14700.0,169.4322,41775,41922,-77.95929999999984
0.93,[Alternate] Momentum Monkey V3 4,-247.39149999999984,14700.0,169.4322,41775,41922,-77.95929999999984
0.93,[Alternate] Momentum Monkey V3 5,-247.39149999999984,14700.0,169.4322,41775,41922,-77.95929999999984
0.93,Long Term Trader,-0.4786,100.0,1.1526,0,1,0.674
0.93,Feel Trader,-10958.29618099996,866900.0,9991.8894,0,8669,-966.4067809999597
0.93,Trench Trader,-3366.7312139999995,232800.0,2683.2527999999998,0,2328,-683.4784139999997
0.93,Momentum Monkey V1,-53.89960000000001,3000.0,34.577999999999996,1009,1039,-19.32160000000001
0.93,Momentum Monkey V2,-106640.78670000115,8512700.0,98117.3802,1431,86558,-8523.406500001147
0.93,Momentum Monkey V3,-106640.78670000115,8512700.0,98117.3802,1431,86558,-8523.406500001147
0.94,[Alternate] Trench Trader 1,-545.7294639999999,34100.0,405.5513,0,341,-140.17816399999987
0.94,[Alternate] Trench Trader 2,-147.036674,9100.0,108.22630000000001,0,91,-38.810373999999996
0.94,[Alternate] Trench Trader 3,-33.10313,2200.0,26.1646,0,22,-6.93853
0.94,[Alternate] Trench Trader 4,-9.806012999999998,800.0,9.5144,0,8,-0.2916129999999981
0.94,[Alternate] Trench Trader 5,-2.68938,200.0,2.3786,0,2,-0.31077999999999983
0.94,[Alternate] Momentum Monkey V1 1,-134.4507999999991,4800.0,57.086400000000005,20997,21045,-77.36439999999911
0.94,[Alternate] Momentum Monkey V1 2,-31.697799999999997,2200.0,26.1646,86,108,-5.533199999999997
0.94,[Alternate] Momentum Monkey V1 3,-1.9849999999999999,100.0,1.1893,0,1,-0.7956999999999999
0.94,[Alternate] Momentum Monkey V1 4,0.0,0.0,0.0,0,0,0.0
0.94,[Alternate] Momentum Monkey V1 5,0.0,0.0,0.0,0,0,0.0
0.94,[Alternate] Momentum Monkey V2 1,-92042.78470000072,7313300.0,86977.0769,7862,80995,-5065.707800000717
0.94,[Alternate] Momentum Monkey V2 2,-257.4932000000009,15500.0,184.34150000000002,42158,42313,-73.15170000000089
0.94,[Alternate] Momentum Monkey V2 3,-261.00359999999927,10700.0,127.25510000000001,20194,20301,-133.74849999999924
0.94,[Alternate] Momentum Monkey V2 4,-140.99689999999902,4000.0,47.572,6502,6542,-93.42489999999901
0.94,[Alternate] Momentum Monkey V2 5,-30.530100000000004,1300.0,15.4609,1253,1266,-15.069200000000004
0.94,[Alternate] Momentum Monkey V3 1,-107621.9838000011,8596200.0,102234.60660000001,1448,87410,-5387.3772000010795
0.94,[Alternate] Momentum Monkey V3 2,-92042.78470000072,7313300.0,86977.0769,7862,80995,-5065.707800000717
0.94,[Alternate] Momentum Monkey V3 3,-257.4932000000009,15500.0,184.34150000000002,42158,42313,-73.15170000000089
0.94,[Alternate] Momentum Monkey V3 4,-257.4932000000009,15500.0,184.34150000000002,42158,42313,-73.15170000000089
0.94,[Alternate] Momentum Monkey V3 5,-257.4932000000009,15500.0,184.34150000000002,42158,42313,-73.15170000000089
0.94,Long Term Trader,-0.4786,100.0,1.1893,0,1,0.7107
0.94,Feel Trader,-11053.437780999966,875000.0,10406.375,0,8750,-647.062780999966
0.94,Trench Trader,-3366.7312139999995,232800.0,2768.6904000000004,0,2328,-598.040813999999
0.94,Momentum Monkey V1,-57.52879999999999,3300.0,39.246900000000004,1016,1049,-18.281899999999986
0.94,Momentum Monkey V2,-107621.9838000011,8596200.0,102234.60660000001,1448,87410,-5387.3772000010795
0.94,Momentum Monkey V3,-107621.9838000011,8596200.0,102234.60660000001,1448,87410,-5387.3772000010795
0.95,[Alternate] Trench Trader 1,-545.7294639999999,34100.0,394.6393,0,341,-151.0901639999999
0.95,[Alternate] Trench Trader 2,-147.036674,9100.0,105.3143,0,91,-41.722374
0.95,[Alternate] Trench Trader 3,-33.10313,2200.0,25.4606,0,22,-7.642530000000001
0.95,[Alternate] Trench Trader 4,-9.806012999999998,800.0,9.2584,0,8,-0.5476129999999984
0.95,[Alternate] Trench Trader 5,-2.68938,200.0,2.3146,0,2,-0.3747799999999999
0.95,[Alternate] Momentum Monkey V1 1,-146.465999999999,5800.0,67.1234,21212,21270,-79.34259999999901
0.95,[Alternate] Momentum Monkey V1 2,-32.9726,2300.0,26.6179,87,110,-6.354700000000001
0.95,[Alternate] Momentum Monkey V1 3,-1.9849999999999999,100.0,1.1573,0,1,-0.8276999999999999
0.95,[Alternate] Momentum Monkey V1 4,0.0,0.0,0.0,0,0,0.0
0.95,[Alternate] Momentum Monkey V1 5,0.0,0.0,0.0,0,0,0.0
0.95,[Alternate] Momentum Monkey V2 1,-92887.3075000006,7383500.0,85449.2455,7972,81807,-7438.062000000602
0.95,[Alternate] Momentum Monkey V2 2,-293.5470000000007,18500.0,214.1005,42542,42727,-79.4465000000007
0.95,[Alternate] Momentum Monkey V2 3,-288.8753999999993,13000.0,150.449,20401,20531,-138.42639999999926
0.95,[Alternate] Momentum Monkey V2 4,-153.51909999999907,5000.0,57.865,6591,6641,-95.65409999999906
0.95,[Alternate] Momentum Monkey V2 5,-14.334099999999996,-100.0,-1.1573,1283,1282,-15.491399999999995
0.95,[Alternate] Momentum Monkey V3 1,-108657.7574000009,8682400.0,100481.4152,1478,88302,-8176.342200000901
0.95,[Alternate] Momentum Monkey V3 2,-92887.3075000006,7383500.0,85449.2455,7972,81807,-7438.062000000602
0.95,[Alternate] Momentum Monkey V3 3,-293.5470000000007,18500.0,214.1005,42542,42727,-79.4465000000007
0.95,[Alternate] Momentum Monkey V3 4,-293.5470000000007,18500.0,214.1005,42542,42727,-79.4465000000007
0.95,[Alternate] Momentum Monkey V3 5,-293.5470000000007,18500.0,214.1005,42542,42727,-79.4465000000007
0.95,Long Term Trader,-0.4786,100.0,1.1573,0,1,0.6787
0.95,Feel Trader,-11171.291380999966,884800.0,10239.7904,0,8848,-931.5009809999665
0.95,Trench Trader,-3367.9822769999996,232900.0,2695.3517,0,2329,-672.6305769999994
0.95,Momentum Monkey V1,-53.115599999999986,2900.0,33.5617,1033,1062,-19.553899999999985
0.95,Momentum Monkey V2,-108657.7574000009,8682400.0,100481.4152,1478,88302,-8176.342200000901
0.95,Momentum Monkey V3,-108657.7574000009,8682400.0,100481.4152,1478,88302,-8176.342200000901
0.96,[Alternate] Trench Trader 1,-545.7294639999999,34100.0,407.2904,0,341,-138.43906399999992
0.96,[Alternate] Trench Trader 2,-147.036674,9100.0,108.6904,0,91,-38.34627400000001
0.96,[Alternate] Trench Trader 3,-33.10313,2200.0,26.276799999999998,0,22,-6.826330000000002
0.96,[Alternate] Trench Trader 4,-9.806012999999998,800.0,9.5552,0,8,-0.25081299999999906
0.96,[Alternate] Trench Trader 5,-2.68938,200.0,2.3888,0,2,-0.30058000000000007
0.96,[Alternate] Momentum Monkey V1 1,-149.4168999999989,6000.0,71.664,21427,21487,-77.75289999999889
0.96,[Alternate] Momentum Monkey V1 2,-34.148,2400.0,28.665599999999998,87,111,-5.4824000000000055
0.96,[Alternate] Momentum Monkey V1 3,-1.9849999999999999,100.0,1.1944,0,1,-0.7906
0.96,[Alternate] Momentum Monkey V1 4,0.0,0.0,0.0,0,0,0.0
0.96,[Alternate] Momentum Monkey V1 5,0.0,0.0,0.0,0,0,0.0
0.96,[Alternate] Momentum Monkey V2 1,-93713.45830000045,7454200.0,89032.9648,8057,82599,-4680.493500000448
0.96,[Alternate] Momentum Monkey V2 2,-331.282700000001,21600.0,257.9904,42954,43170,-73.29230000000098
0.96,[Alternate] Momentum Monkey V2 3,-326.1531999999995,16100.0,192.2984,20610,20771,-133.85479999999953
0.96,[Alternate] Momentum Monkey V2 4,-170.16879999999904,6400.0,76.4416,6658,6722,-93.72719999999904
0.96,[Alternate] Momentum Monkey V2 5,-19.098299999999995,300.0,3.5831999999999997,1294,1297,-15.515099999999995
0.96,[Alternate] Momentum Monkey V3 1,-109653.73060000075,8767700.0,104721.4088,1490,89167,-4932.321800000747
0.96,[Alternate] Momentum Monkey V3 2,-93713.45830000045,7454200.0,89032.9648,8057,82599,-4680.493500000448
0.96,[Alternate] Momentum Monkey V3 3,-331.282700000001,21600.0,257.9904,42954,43170,-73.29230000000098
0.96,[Alternate] Momentum Monkey V3 4,-331.282700000001,21600.0,257.9904,42954,43170,-73.29230000000098
0.96,[Alternate] Momentum Monkey V3 5,-331.282700000001,21600.0,257.9904,42954,43170,-73.29230000000098
0.96,Long Term Trader,-0.4786,100.0,1.1944,0,1,0.7157999999999999
0.96,Feel Trader,-11241.24468099997,890800.0,10639.7152,0,8908,-601.5294809999687
0.96,Trench Trader,-3369.1753259999996,233000.0,2782.9519999999998,0,2330,-586.2233259999998
0.96,Momentum Monkey V1,-57.985399999999984,3300.0,39.4152,1042,1075,-18.570199999999986
0.96,Momentum Monkey V2,-109653.73060000075,8767700.0,104721.4088,1490,89167,-4932.321800000747
0.96,Momentum Monkey V3,-109653.73060000075,8767700.0,104721.4088,1490,89167,-4932.321800000747
0.97,[Alternate] Trench Trader 1,-545.7294639999999,34100.0,406.91529999999995,0,341,-138.81416399999995
0.97,[Alternate] Trench Trader 2,-147.036674,9100.0,108.5903,0,91,-38.446374000000006
0.97,[Alternate] Trench Trader 3,-33.10313,2200.0,26.252599999999997,0,22,-6.850530000000003
0.97,[Alternate] Trench Trader 4,-9.806012999999998,800.0,9.546399999999998,0,8,-0.25961299999999987
0.97,[Alternate] Trench Trader 5,-2.68938,200.0,2.3865999999999996,0,2,-0.30278000000000027
0.97,[Alternate] Momentum Monkey V1 1,-130.76589999999865,4400.0,52.505199999999995,21646,21690,-78.26069999999865
0.97,[Alternate] Momentum Monkey V1 2,-32.94540000000001,2300.0,27.445899999999998,88,111,-5.499500000000008
0.97,[Alternate] Momentum Monkey V1 3,-1.9849999999999999,100.0,1.1932999999999998,0,1,-0.7917000000000001
0.97,[Alternate] Momentum Monkey V1 4,0.0,0.0,0.0,0,0,0.0
0.97,[Alternate] Momentum Monkey V1 5,0.0,0.0,0.0,0,0,0.0
0.97,[Alternate] Momentum Monkey V2 1,-94512.17100000038,7520700.0,89744.5131,8166,83373,-4767.657900000384
0.97,[Alternate] Momentum Monkey V2 2,-273.71880000000124,16700.0,199.28109999999998,43370,43537,-74.43770000000126
0.97,[Alternate] Momentum Monkey V2 3,-291.2031999999996,13100.0,156.32229999999998,20835,20966,-134.8808999999996
0.97,[Alternate] Momentum Monkey V2 4,-158.75759999999883,5400.0,64.4382,6742,6796,-94.31939999999884
0.97,[Alternate] Momentum Monkey V2 5,-26.472799999999985,900.0,10.7397,1309,1318,-15.733099999999986
0.97,[Alternate] Momentum Monkey V3 1,-110677.65870000052,8853000.0,105642.84899999999,1505,90035,-5034.809700000536
0.97,[Alternate] Momentum Monkey V3 2,-94512.17100000038,7520700.0,89744.5131,8166,83373,-4767.657900000384
0.97,[Alternate] Momentum Monkey V3 3,-273.71880000000124,16700.0,199.28109999999998,43370,43537,-74.43770000000126
0.97,[Alternate] Momentum Monkey V3 4,-273.71880000000124,16700.0,199.28109999999998,43370,43537,-74.43770000000126
0.97,[Alternate] Momentum Monkey V3 5,-273.71880000000124,16700.0,199.28109999999998,43370,43537,-74.43770000000126
0.97,Long Term Trader,-0.4786,100.0,1.1932999999999998,0,1,0.7146999999999998
0.97,Feel Trader,-11356.49128099997,900400.0,10744.473199999999,0,9004,-612.0180809999711
0.97,Trench Trader,-3369.1753259999996,233000.0,2780.3889999999997,0,2330,-588.7863259999999
0.97,Momentum Monkey V1,-54.507299999999994,3000.0,35.799,1056,1086,-18.708299999999994
0.97,Momentum Monkey V2,-110677.65870000052,8853000.0,105642.84899999999,1505,90035,-5034.809700000536
0.97,Momentum Monkey V3,-110677.65870000052,8853000.0,105642.84899999999,1505,90035,-5034.809700000536
0.98,[Alternate] Trench Trader 1,-545.7294639999999,34100.0,381.47670000000005,0,341,-164.25276399999984
0.98,[Alternate] Trench Trader 2,-147.036674,9100.0,101.80170000000001,0,91,-45.234973999999994
0.98,[Alternate] Trench Trader 3,-33.10313,2200.0,24.611400000000003,0,22,-8.491729999999997
0.98,[Alternate] Trench Trader 4,-9.806012999999998,800.0,8.9496,0,8,-0.8564129999999981
0.98,[Alternate] Trench Trader 5,-2.68938,200.0,2.2374,0,2,-0.4519799999999998
0.98,[Alternate] Momentum Monkey V1 1,-137.9923999999987,5000.0,55.935,21854,21904,-82.0573999999987
0.98,[Alternate] Momentum Monkey V1 2,-35.45210000000001,2500.0,27.9675,89,114,-7.4846000000000075
0.98,[Alternate] Momentum Monkey V1 3,-1.9849999999999999,100.0,1.1187,0,1,-0.8662999999999998
0.98,[Alternate] Momentum Monkey V1 4,0.0,0.0,0.0,0,0,0.0
0.98,[Alternate] Momentum Monkey V1 5,0.0,0.0,0.0,0,0,0.0
0.98,[Alternate] Momentum Monkey V2 1,-95385.73600000041,7595700.0,84973.0959,8244,84201,-10412.640100000412
0.98,[Alternate] Momentum Monkey V2 2,-314.3186000000014,20200.0,225.97740000000002,43759,43961,-88.34120000000141
0.98,[Alternate] Momentum Monkey V2 3,-299.9235999999996,13800.0,154.38060000000002,21029,21167,-145.5429999999996
0.98,[Alternate] Momentum Monkey V2 4,-155.11459999999877,5000.0,55.935,6820,6870,-99.17959999999877
0.98,[Alternate] Momentum Monkey V2 5,-35.185199999999995,1600.0,17.8992,1316,1332,-17.285999999999994
0.98,[Alternate] Momentum Monkey V3 1,-111716.03270000045,8942200.0,100036.39140000001,1512,90934,-11679.64130000044
0.98,[Alternate] Momentum Monkey V3 2,-95385.73600000041,7595700.0,84973.0959,8244,84201,-10412.640100000412
0.98,[Alternate] Momentum Monkey V3 3,-314.3186000000014,20200.0,225.97740000000002,43759,43961,-88.34120000000141
0.98,[Alternate] Momentum Monkey V3 4,-314.3186000000014,20200.0,225.97740000000002,43759,43961,-88.34120000000141
0.98,[Alternate] Momentum Monkey V3 5,-314.3186000000014,20200.0,225.97740000000002,43759,43961,-88.34120000000141
0.98,Long Term Trader,-0.4786,100.0,1.1187,0,1,0.6401
0.98,Feel Trader,-11477.308580999972,910800.0,10189.1196,0,9108,-1288.188980999972
0.98,Trench Trader,-3369.1753259999996,233000.0,2606.5710000000004,0,2330,-762.6043259999992
0.98,Momentum Monkey V1,-55.067299999999996,3000.0,33.561,1065,1095,-21.506299999999996
0.98,Momentum Monkey V2,-111716.03270000045,8942200.0,100036.39140000001,1512,90934,-11679.64130000044
0.98,Momentum Monkey V3,-111716.03270000045,8942200.0,100036.39140000001,1512,90934,-11679.64130000044
0.99,[Alternate] Trench Trader 1,-545.7294639999999,34100.0,372.64480000000003,0,341,-173.08466399999986
0.99,[Alternate] Trench Trader 2,-147.036674,9100.0,99.4448,0,91,-47.591874000000004
0.99,[Alternate] Trench Trader 3,-33.10313,2200.0,24.0416,0,22,-9.061530000000001
0.99,[Alternate] Trench Trader 4,-9.806012999999998,800.0,8.7424,0,8,-1.0636129999999984
0.99,[Alternate] Trench Trader 5,-2.68938,200.0,2.1856,0,2,-0.5037799999999999
0.99,[Alternate] Momentum Monkey V1 1,-138.0695999999986,5000.0,54.64,22071,22121,-83.42959999999859
0.99,[Alternate] Momentum Monkey V1 2,-34.35540000000001,2400.0,26.2272,90,114,-8.12820000000001
0.99,[Alternate] Momentum Monkey V1 3,-1.9849999999999999,100.0,1.0928,0,1,-0.8921999999999999
0.99,[Alternate] Momentum Monkey V1 4,0.0,0.0,0.0,0,0,0.0
0.99,[Alternate] Momentum Monkey V1 5,0.0,0.0,0.0,0,0,0.0
0.99,[Alternate] Momentum Monkey V2 1,-96217.28610000035,7671200.0,83830.8736,8324,85036,-12386.41250000034
0.99,[Alternate] Momentum Monkey V2 2,-321.0319000000022,20800.0,227.3024,44197,44405,-93.72950000000222
0.99,[Alternate] Momentum Monkey V2 3,-317.57069999999993,15400.0,168.2912,21219,21373,-149.27949999999993
0.99,[Alternate] Momentum Monkey V2 4,-151.95759999999876,4700.0,51.3616,6873,6920,-100.59599999999875
0.99,[Alternate] Momentum Monkey V2 5,-25.351699999999997,700.0,7.6496,1335,1342,-17.702099999999998
0.99,[Alternate] Momentum Monkey V3 1,-112681.4412000005,9029900.0,98678.7472,1531,91830,-14002.694000000498
0.99,[Alternate] Momentum Monkey V3 2,-96217.28610000035,7671200.0,83830.8736,8324,85036,-12386.41250000034
0.99,[Alternate] Momentum Monkey V3 3,-321.0319000000022,20800.0,227.3024,44197,44405,-93.72950000000222
0.99,[Alternate] Momentum Monkey V3 4,-321.0319000000022,20800.0,227.3024,44197,44405,-93.72950000000222
0.99,[Alternate] Momentum Monkey V3 5,-321.0319000000022,20800.0,227.3024,44197,44405,-93.72950000000222
0.99,Long Term Trader,-0.4786,100.0,1.0928,0,1,0.6142
0.99,Feel Trader,-11562.993280999977,918600.0,10038.4608,0,9186,-1524.5324809999765
0.99,Trench Trader,-3369.1753259999996,233000.0,2546.224,0,2330,-822.9513259999994
0.99,Momentum Monkey V1,-50.794899999999984,2600.0,28.4128,1080,1106,-22.382099999999983
0.99,Momentum Monkey V2,-112681.4412000005,9029900.0,98678.7472,1531,91830,-14002.694000000498
0.99,Momentum Monkey V3,-112681.4412000005,9029900.0,98678.7472,1531,91830,-14002.694000000498
1.0,[Alternate] Trench Trader 1,-545.7294639999999,34100.0,358.8002,0,341,-186.92926399999988
1.0,[Alternate] Trench Trader 2,-147.036674,9100.0,95.7502,0,91,-51.286474
1.0,[Alternate] Trench Trader 3,-33.10313,2200.0,23.1484,0,22,-9.954730000000001
1.0,[Alternate] Trench Trader 4,-9.806012999999998,800.0,8.4176,0,8,-1.3884129999999981
1.0,[Alternate] Trench Trader 5,-2.68938,200.0,2.1044,0,2,-0.5849799999999998
1.0,[Alternate] Momentum Monkey V1 1,-139.5028999999986,5100.0,53.6622,22289,22340,-85.84069999999859
1.0,[Alternate] Momentum Monkey V1 2,-34.35540000000001,2400.0,25.2528,90,114,-9.10260000000001
1.0,[Alternate] Momentum Monkey V1 3,-1.9849999999999999,100.0,1.0522,0,1,-0.9327999999999999
1.0,[Alternate] Momentum Monkey V1 4,0.0,0.0,0.0,0,0,0.0
1.0,[Alternate] Momentum Monkey V1 5,0.0,0.0,0.0,0,0,0.0
1.0,[Alternate] Momentum Monkey V2 1,-97049.74760000028,7750400.0,81549.70880000001,8381,85885,-15500.038800000271
1.0,[Alternate] Momentum Monkey V2 2,-311.5016000000029,19800.0,208.3356,44655,44853,-103.1660000000029
1.0,[Alternate] Momentum Monkey V2 3,-320.5401000000004,15600.0,164.1432,21441,21597,-156.3969000000004
1.0,[Alternate] Momentum Monkey V2 4,-170.10499999999882,6400.0,67.3408,6920,6984,-102.76419999999882
1.0,[Alternate] Momentum Monkey V2 5,-29.797000000000004,1100.0,11.5742,1344,1355,-18.222800000000007
1.0,[Alternate] Momentum Monkey V3 1,-113614.35490000043,9118700.0,95946.9614,1540,92727,-17667.393500000428
1.0,[Alternate] Momentum Monkey V3 2,-97049.74760000028,7750400.0,81549.70880000001,8381,85885,-15500.038800000271
1.0,[Alternate] Momentum Monkey V3 3,-311.5016000000029,19800.0,208.3356,44655,44853,-103.1660000000029
1.0,[Alternate] Momentum Monkey V3 4,-311.5016000000029,19800.0,208.3356,44655,44853,-103.1660000000029
1.0,[Alternate] Momentum Monkey V3 5,-311.5016000000029,19800.0,208.3356,44655,44853,-103.1660000000029
1.0,Long Term Trader,-0.4786,100.0,1.0522,0,1,0.5736
1.0,Feel Trader,-11631.101880999982,925100.0,9733.9022,0,9251,-1897.1996809999819
1.0,Trench Trader,-3370.2295769999996,233100.0,2452.6782,0,2331,-917.5513769999998
1.0,Momentum Monkey V1,-50.928199999999975,2600.0,27.3572,1089,1115,-23.570999999999977
1.0,Momentum Monkey V2,-113614.35490000043,9118700.0,95946.9614,1540,92727,-17667.393500000428
1.0,Momentum Monkey V3,-113614.35490000043,9118700.0,95946.9614,1540,92727,-17667.393500000428
